Date/Time, Zone, Temperature, Damper, Blower Speed, Duct Pressure
07/12/2021 09:14:52, 11, 82, 63.66667, 51.96, 5.040777
07/12/2021 09:32:56, 11, 82, 15, 54.07, 4.718732
07/12/2021 09:51:07, 11, 82, 15, 54.59, 5.040645
07/12/2021 10:09:14, 11, 82, 15, 52.56, 4.864099
07/12/2021 10:27:24, 11, 82, 15, 52.25, 4.561222
07/12/2021 10:45:33, 11, 82, 15, 53.25, 4.760346
07/12/2021 11:03:41, 11, 82, 15, 53.96, 4.925889
07/12/2021 11:21:50, 11, 82, 15, 54.65, 5.120597
07/12/2021 11:39:59, 11, 82, 15, 55.23, 5.480608
07/12/2021 11:58:05, 11, 82, 15, 55.78, 5.08543
07/12/2021 12:16:13, 11, 82, 15, 52.63, 5.165613
07/12/2021 12:34:21, 11, 82, 15, 52.59, 5.087955
07/12/2021 12:52:30, 11, 82, 15, 55.02, 5.547707
07/12/2021 13:10:39, 11, 82, 15, 54.7, 5.361972
07/12/2021 13:28:49, 11, 82, 15, 54.03, 5.094907
07/12/2021 13:46:56, 11, 82, 15, 54.29, 4.823573
07/12/2021 14:04:58, 11, 82, 15, 54.41, 4.919202
07/12/2021 14:23:07, 11, 82, 15, 53.18, 4.520622
07/12/2021 14:41:16, 11, 82, 15, 54.75, 4.605099
07/12/2021 14:59:25, 11, 82, 15, 52.48, 5.169212
07/12/2021 15:17:33, 11, 82, 15, 52.27, 5.008318
07/12/2021 15:35:37, 11, 82, 15, 53.76, 4.870951
07/12/2021 15:53:42, 11, 82, 15, 53.32, 4.953189
07/12/2021 16:11:47, 11, 82, 15, 54.32, 5.459673
07/12/2021 16:29:52, 11, 82, 15, 53.6, 4.902345
07/12/2021 16:47:57, 11, 82, 15, 53.68, 5.089657
07/12/2021 17:06:01, 11, 82, 15, 53.62, 4.7573
07/12/2021 17:24:06, 11, 82, 15, 53.97, 4.824399
07/12/2021 17:42:11, 11, 82, 15, 54.05, 5.332988
07/12/2021 18:00:15, 11, 82, 15, 54.25, 5.388628
07/12/2021 18:18:22, 11, 82, 15, 54.27, 5.126302
07/12/2021 18:36:25, 11, 82, 15, 54.47, 4.690491
07/12/2021 18:54:30, 11, 82, 15, 54.61, 4.701132
07/12/2021 19:12:33, 11, 82, 15, 54.77, 4.788745
07/12/2021 19:30:37, 11, 82, 15, 55.16, 5.057882
07/12/2021 19:48:41, 11, 82, 15, 55.38, 5.23324
07/12/2021 20:06:45, 11, 82, 15, 55.89, 4.783387
07/12/2021 20:24:50, 11, 82, 15, 55.72, 4.82591
07/12/2021 20:42:55, 11, 82, 15, 56.07, 5.339278
07/12/2021 21:01:00, 11, 82, 15, 56.69, 5.05832
07/12/2021 21:19:05, 11, 82, 15, 56.08, 5.358043
07/12/2021 21:37:10, 11, 82, 15, 55.84, 4.884349
07/12/2021 21:55:15, 11, 82, 15, 56.31, 5.080477
07/12/2021 22:13:20, 11, 82, 15, 55.82, 5.148978
07/12/2021 22:31:25, 11, 82, 15, 55.34, 4.648752
07/12/2021 22:49:29, 11, 82, 15, 56.05, 5.225562
07/12/2021 23:07:33, 11, 82, 15, 56.38, 4.833843
07/12/2021 23:25:38, 11, 82, 15, 55.84, 4.982462
07/12/2021 23:43:45, 11, 82, 15, 56.01, 5.291118
07/13/2021 00:01:49, 11, 82, 15, 56.16, 4.879247
07/13/2021 00:19:53, 11, 82, 15, 55.64, 5.06059
07/13/2021 00:37:58, 11, 82, 15, 56, 4.675689
07/13/2021 00:56:03, 11, 82, 15, 55.81, 5.141904
07/13/2021 01:14:08, 11, 82, 15, 55.92, 4.960479
07/13/2021 01:32:13, 11, 82, 15, 55.8, 4.965035
07/13/2021 01:50:16, 11, 82, 15, 55.57, 5.194679
07/13/2021 02:08:21, 11, 82, 15, 55.83, 4.909899
07/13/2021 02:26:26, 11, 82, 15, 56.04, 5.009845
07/13/2021 02:44:33, 11, 82, 15, 55.83, 4.717502
07/13/2021 03:02:38, 11, 82, 15, 56.22, 5.484324
07/13/2021 03:20:41, 11, 82, 15, 55.95, 4.710468
07/13/2021 03:38:49, 11, 82, 15, 55.97, 4.975445
07/13/2021 03:56:55, 11, 82, 15, 55.85, 4.663182
07/13/2021 04:15:02, 11, 82, 15, 55.31, 4.814616
07/13/2021 04:33:07, 11, 82, 15, 55.9, 4.905688
07/13/2021 04:51:12, 11, 82, 15, 55.83, 4.935936
07/13/2021 05:09:17, 11, 82, 15, 56.03, 5.186895
07/13/2021 05:27:22, 11, 82, 15, 55.47, 4.818628
07/13/2021 05:45:30, 11, 82, 15, 55.86, 5.114414
07/13/2021 06:03:35, 11, 82, 15, 55.91, 5.06901
07/13/2021 06:21:40, 11, 82, 15, 56.13, 4.641438
07/13/2021 06:39:44, 11, 82, 15, 56.2, 5.000525
07/13/2021 06:57:49, 11, 82, 15, 55.41, 5.497655
07/13/2021 07:15:57, 11, 82, 15, 55.64, 5.007343
07/13/2021 07:34:02, 11, 82, 15, 55.7, 5.288575
07/13/2021 07:52:07, 11, 82, 15, 55.22, 5.225636
07/13/2021 08:10:11, 11, 82, 15, 54.91, 5.031581
07/13/2021 08:28:16, 11, 82, 15, 55.42, 4.876993
07/13/2021 08:46:26, 11, 82, 15, 55.28, 5.207987
07/13/2021 09:04:26, 11, 82, 15, 55.66, 4.975008
07/13/2021 09:22:26, 11, 82, 15, 53.7, 5.298903
07/13/2021 09:40:28, 11, 82, 15, 52.24, 5.50539
07/13/2021 09:58:28, 11, 82, 15, 52.99, 4.67124
07/13/2021 10:16:34, 11, 82, 15, 54.54, 4.938569
07/13/2021 10:34:36, 11, 82, 15, 52.54, 4.66116
07/13/2021 10:52:39, 11, 82, 15, 54.08, 4.99984
07/13/2021 11:10:44, 11, 88.15001, 15, 52.73, 5.317138
07/13/2021 11:28:50, 11, 136.44, 15, 54.25, 4.6129
07/13/2021 11:46:53, 11, 93.42999, 15, 52.78, 4.451981
07/13/2021 12:04:59, 11, 90.57999, 15, 53.52, 4.661358
07/13/2021 12:23:10, 11, 89.33, 15, 53.83, 5.093809
07/13/2021 12:41:20, 11, 88.42, 15, 53.13, 5.046886
07/13/2021 12:59:23, 11, 87.78, 15, 0, 0.3394408
07/13/2021 13:17:32, 11, 87.59999, 15, 0, 0.2246761
07/13/2021 13:35:32, 11, 142.44, 71.66666, 0, 0.3746247
07/13/2021 13:53:33, 11, 151.25, 100, 0, 0.1137753
07/13/2021 14:11:41, 11, 152.1, 100, 0, 0.05281878
07/13/2021 14:29:41, 11, 152.36, 100, 60.63, 6.157019
07/13/2021 14:47:43, 11, 152.14, 100, 62.35, 5.684323
07/13/2021 15:05:53, 11, 151.76, 100, 60.9, 5.788925
07/13/2021 15:23:55, 11, 151.42, 100, 67.74, 6.732747
07/13/2021 15:42:04, 11, 150.94, 100, 70.2, 7.12658
07/13/2021 16:00:05, 11, 150.4, 100, 68.61, 6.763762
07/13/2021 16:18:13, 11, 149.93, 100, 68.71, 7.727009
07/13/2021 16:36:14, 11, 149.41, 100, 74.94, 7.310738
07/13/2021 16:54:14, 11, 148.87, 100, 75.05, 8.688348
07/13/2021 17:12:24, 11, 148.4, 100, 74.24, 7.828779
07/13/2021 17:30:27, 11, 147.88, 100, 80.07, 8.976728
07/13/2021 17:48:32, 11, 147.3, 100, 80.68, 9.039576
07/13/2021 18:06:36, 11, 146.64, 100, 81.2, 9.32751
07/13/2021 18:24:39, 11, 146.01, 100, 85.05, 9.649316
07/13/2021 18:42:42, 11, 145.26, 100, 86.98, 9.856175
07/13/2021 19:00:46, 11, 144.6, 100, 84.81, 9.799792
07/13/2021 19:18:50, 11, 143.91, 100, 87.79, 9.640376
07/13/2021 19:36:53, 11, 143.16, 100, 88, 10.90303
07/13/2021 19:54:56, 11, 142.39, 100, 88, 10.77188
07/13/2021 20:13:01, 11, 141.72, 100, 88, 9.413308
07/13/2021 20:31:03, 11, 140.98, 100, 88, 11, 136.28346
07/13/2021 20:49:07, 11, 140.35, 100, 88, 10.81755
07/13/2021 21:07:10, 11, 139.66, 100, 88, 10.83674
07/13/2021 21:25:13, 11, 139.04, 71.66666, 88, 10.12055
07/13/2021 21:43:17, 11, 138.8, 15, 88, 9.99857
07/13/2021 22:01:20, 11, 138.8, 15, 88, 9.199538
07/13/2021 22:19:23, 11, 138.8, 15, 88, 9.409089
07/13/2021 22:37:27, 11, 138.8, 15, 87.92, 9.865563
07/13/2021 22:55:30, 11, 138.64, 15, 87.68, 9.793164
07/13/2021 23:13:33, 11, 138.59, 15, 87.72, 9.510381
07/13/2021 23:31:36, 11, 138.5, 15, 81.7, 9.570281
07/13/2021 23:49:40, 11, 138.48, 15, 80.96, 8.603121
07/14/2021 00:07:43, 11, 138.3, 15, 82.37, 9.352466
07/14/2021 00:25:46, 11, 138.22, 15, 76.43, 8.711578
07/14/2021 00:43:50, 11, 138.1, 15, 75.99, 7.535537
07/14/2021 01:01:52, 11, 138.06, 15, 75.77, 7.35596
07/14/2021 01:19:55, 11, 137.9, 15, 76.27, 7.547325
07/14/2021 01:37:58, 11, 137.9, 15, 69.6, 7.459324
07/14/2021 01:56:02, 11, 136.81, 15, 69.7, 6.783336
07/14/2021 02:14:05, 11, 137.8, 15, 69.28, 7.482843
07/14/2021 02:32:08, 11, 137.8, 15, 62.58, 5.361626
07/14/2021 02:50:11, 11, 137.62, 15, 63.14, 5.628262
07/14/2021 03:08:14, 11, 137.6, 15, 62.67, 6.677305
07/14/2021 03:26:18, 11, 137.6, 15, 55.52, 4.655183
07/14/2021 03:44:20, 11, 137.6, 15, 55.16, 4.657296
07/14/2021 04:02:23, 11, 137.6, 15, 55.37, 4.990066
07/14/2021 04:20:27, 11, 137.6, 15, 54.74, 5.170244
07/14/2021 04:38:31, 11, 137.6, 15, 55.08, 5.094395
07/14/2021 04:56:33, 11, 137.6, 15, 55.4, 5.138494
07/14/2021 05:14:38, 11, 137.6, 15, 55.73, 5.056594
07/14/2021 05:32:49, 11, 137.44, 15, 55.76, 4.522406
07/14/2021 05:50:49, 11, 137.4, 15, 55.76, 5.332353
07/14/2021 06:08:55, 11, 137.4, 15, 55.76, 5.567453
07/14/2021 06:26:54, 11, 137.4, 15, 55.04, 5.025975
07/14/2021 06:44:55, 11, 137.4, 15, 54.96, 5.02595
07/14/2021 07:02:58, 11, 137.4, 15, 54.96, 4.604743
07/14/2021 07:21:09, 11, 137.26, 15, 55.21, 4.66859
07/14/2021 07:39:11, 11, 137.2, 15, 55.15, 4.88903
07/14/2021 07:57:13, 11, 137.2, 15, 54.91, 5.074062
07/14/2021 08:15:17, 11, 137.2, 15, 54.92, 5.253152
07/14/2021 08:33:17, 11, 137.2, 15, 53.6, 5.300041
07/14/2021 08:51:26, 11, 137.1, 15, 55.23, 5.195307
07/14/2021 09:09:30, 11, 137.1, 15, 51.06, 4.929075
07/14/2021 09:27:37, 11, 137.1, 15, 55.02, 4.320309
07/14/2021 09:45:38, 11, 137.1, 15, 54.13, 4.729439
07/14/2021 10:03:44, 11, 137.1, 15, 54.26, 5.015004
07/14/2021 10:21:43, 11, 136.08, 15, 53.98, 5.009836
07/14/2021 10:39:44, 11, 136.9, 15, 51.76, 4.881039
07/14/2021 10:57:49, 11, 136.9, 15, 53.05, 5.084381
07/14/2021 11:15:48, 11, 136.9, 15, 53.76, 5.155368
07/14/2021 11:33:58, 11, 136.9, 15, 54.45, 4.650949
07/14/2021 11:52:01, 11, 136.9, 15, 54.23, 5.203439
07/14/2021 12:10:03, 11, 136.86, 15, 52.11, 5.374099
07/14/2021 12:28:12, 11, 136.7, 15, 52.38, 4.892554
07/14/2021 12:46:15, 11, 136.7, 15, 55.04, 5.303062
07/14/2021 13:04:24, 11, 136.7, 15, 51.42, 4.929199
07/14/2021 13:22:27, 11, 136.7, 15, 52.91, 4.796108
07/14/2021 13:40:31, 11, 136.54, 15, 52.75, 4.901098
07/14/2021 13:58:35, 11, 136.5, 15, 53.53, 5.009102
07/14/2021 14:16:39, 11, 136.5, 15, 53.18, 4.983932
07/14/2021 14:34:46, 11, 136.47, 15, 54.78, 4.993277
07/14/2021 14:52:49, 11, 136.4, 15, 53.53, 5.156887
07/14/2021 15:10:53, 11, 136.4, 15, 53, 4.76719
07/14/2021 15:28:55, 11, 136.38, 15, 52.9, 5.124914
07/14/2021 15:47:01, 11, 136.2, 15, 52.45, 5.086065
07/14/2021 16:05:07, 11, 136.2, 15, 52.98, 4.777526
07/14/2021 16:23:06, 11, 136.2, 15, 54.94, 4.813436
07/14/2021 16:41:07, 11, 136.08, 15, 53.77, 4.880213
07/14/2021 16:59:07, 11, 136, 15, 54.08, 4.904186
07/14/2021 17:17:08, 11, 136, 15, 54.05, 5.290919
07/14/2021 17:35:13, 11, 135.82, 15, 54.17, 4.732823
07/14/2021 17:53:24, 11, 135.8, 15, 53.59, 4.809581
07/14/2021 18:11:26, 11, 135.8, 15, 54.86, 4.852739
07/14/2021 18:29:28, 11, 136.62, 15, 53.54, 4.859715
07/14/2021 18:47:29, 11, 136.6, 15, 54.3, 4.719244
07/14/2021 19:05:30, 11, 135.53, 15, 54.67, 4.82208
07/14/2021 19:23:35, 11, 135.5, 15, 54.81, 4.577138
07/14/2021 19:41:45, 11, 135.5, 15, 54.32, 4.854745
07/14/2021 19:59:51, 11, 135.3, 15, 55.1, 5.352231
07/14/2021 20:17:59, 11, 135.3, 15, 55.6, 4.69896
07/14/2021 20:35:59, 11, 135.1, 15, 55.32, 5.44431
07/14/2021 20:53:59, 11, 135.1, 15, 55.82, 5.039671
07/14/2021 21:12:04, 11, 134.98, 15, 55.38, 4.641678
07/14/2021 21:30:07, 11, 136.9, 15, 55.71, 4.758621
07/14/2021 21:48:07, 11, 134.84, 15, 55.86, 5.286817
07/14/2021 22:06:18, 11, 134.8, 15, 55.54, 4.986589
07/14/2021 22:24:21, 11, 134.76, 15, 55.44, 5.133344
07/14/2021 22:42:21, 11, 134.6, 15, 55.35, 5.366042
07/14/2021 23:00:24, 11, 134.56, 15, 55.06, 4.988472
07/14/2021 23:18:27, 11, 134.4, 15, 55.42, 5.262678
07/14/2021 23:36:29, 11, 134.4, 15, 55.46, 5.475803
07/14/2021 23:54:32, 11, 134.3, 15, 55.31, 4.992245
07/15/2021 00:12:35, 11, 134.2, 15, 55.51, 5.39094
07/15/2021 00:30:38, 11, 134.18, 15, 55.11, 5.00173
07/15/2021 00:48:38, 11, 134.1, 15, 55.08, 4.855282
07/15/2021 01:06:38, 11, 134.1, 15, 55.54, 5.362641
07/15/2021 01:24:47, 11, 133.94, 15, 55.07, 4.663496
07/15/2021 01:42:50, 11, 133.9, 15, 55.25, 5.483225
07/15/2021 02:00:52, 11, 133.86, 15, 55.29, 4.689615
07/15/2021 02:18:54, 11, 133.7, 15, 55.28, 5.381298
07/15/2021 02:36:55, 11, 133.7, 15, 55.82, 4.769369
07/15/2021 02:54:56, 11, 133.54, 15, 55.1, 4.812263
07/15/2021 03:12:58, 11, 133.5, 15, 55.59, 5.141516
07/15/2021 03:31:00, 11, 133.48, 15, 55.28, 5.362789
07/15/2021 03:49:01, 11, 133.4, 15, 55.57, 5.30989
07/15/2021 04:07:03, 11, 133.4, 15, 55.35, 4.642792
07/15/2021 04:25:03, 11, 133.3, 15, 55.56, 5.422764
07/15/2021 04:43:06, 11, 133.2, 15, 54.9, 5.153676
07/15/2021 05:01:07, 11, 133.2, 15, 55.32, 4.745503
07/15/2021 05:19:09, 11, 133.02, 15, 55.37, 5.292166
07/15/2021 05:37:10, 11, 133, 15, 55.66, 4.821394
07/15/2021 05:55:11, 11, 133, 15, 55.18, 4.844055
07/15/2021 06:13:13, 11, 132.82, 15, 55.82, 5.030698
07/15/2021 06:31:15, 11, 132.8, 15, 55.53, 5.088815
07/15/2021 06:49:16, 11, 132.8, 15, 54.97, 5.06726
07/15/2021 07:07:18, 11, 132.7, 15, 55.7, 4.903253
07/15/2021 07:25:19, 11, 136.7, 15, 54.87, 5.259665
07/15/2021 07:43:24, 11, 136.7, 15, 54.9, 4.84351
07/15/2021 08:01:28, 11, 136.56, 15, 54.33, 5.3476
07/15/2021 08:19:34, 11, 132.5, 15, 54.61, 4.676928
07/15/2021 08:37:36, 11, 132.5, 15, 57.01, 5.501337
07/15/2021 08:55:37, 11, 132.4, 15, 57.9, 5.122669
07/15/2021 09:13:39, 11, 132.3, 15, 53.28, 4.822327
07/15/2021 09:31:43, 11, 132.3, 15, 49.95, 5.036674
07/15/2021 09:49:48, 11, 132.3, 15, 56.26, 4.972399
07/15/2021 10:07:49, 11, 132.3, 15, 49.9, 5.149036
07/15/2021 10:26:00, 11, 132.2, 15, 51.18, 4.529051
07/15/2021 10:44:11, 11, 132.1, 15, 50.23, 5.100132
07/15/2021 11:02:17, 11, 132.1, 15, 52.43, 4.582636
07/15/2021 11:20:27, 11, 132.1, 15, 52.17, 5.298424
07/15/2021 11:38:28, 11, 132.1, 15, 53.48, 4.434652
07/15/2021 11:56:29, 11, 132.1, 15, 55.96, 5.525376
07/15/2021 12:14:33, 11, 132.1, 15, 54.53, 5.022393
07/15/2021 12:32:38, 11, 132.1, 15, 53.03, 4.851369
07/15/2021 12:50:40, 11, 132.03, 15, 53.8, 4.934862
07/15/2021 13:08:42, 11, 132, 15, 53.7, 5.399145
07/15/2021 13:26:45, 11, 132, 15, 54.2, 5.300132
07/15/2021 13:44:47, 11, 132, 15, 54.46, 4.744769
07/15/2021 14:02:49, 11, 132, 15, 53.2, 4.936778
07/15/2021 14:20:51, 11, 132, 15, 54.43, 4.565886
07/15/2021 14:38:54, 11, 132, 15, 54.44, 5.373926
07/15/2021 14:56:59, 11, 132, 15, 54.13, 5.049528
07/15/2021 15:15:04, 11, 132, 15, 54.87, 5.481517
07/15/2021 15:33:05, 11, 132, 15, 53.67, 4.817646
07/15/2021 15:51:09, 11, 132, 15, 54.3, 4.806006
07/15/2021 16:09:11, 11, 131.84, 15, 54.43, 4.891696
07/15/2021 16:27:14, 11, 131.8, 15, 53.84, 5.241388
07/15/2021 16:45:17, 11, 131.8, 15, 53.9, 4.830029
07/15/2021 17:03:19, 11, 131.8, 15, 53.19, 4.623178
07/15/2021 17:21:25, 11, 131.8, 15, 53.54, 5.389082
07/15/2021 17:39:26, 11, 131.8, 15, 54.49, 5.421682
07/15/2021 17:57:27, 11, 131.8, 15, 53.91, 5.34339
07/15/2021 18:15:36, 11, 131.76, 15, 54.34, 5.300545
07/15/2021 18:33:36, 11, 131.6, 15, 54.53, 5.217241
07/15/2021 18:51:37, 11, 131.6, 15, 54.19, 4.643609
07/15/2021 19:09:37, 11, 131.6, 15, 54.51, 5.250468
07/15/2021 19:27:48, 11, 131.6, 15, 54.68, 4.999748
07/15/2021 19:46:00, 11, 131.6, 15, 55.28, 4.891539
07/15/2021 20:03:59, 11, 131.6, 15, 55.28, 4.941202
07/15/2021 20:22:08, 11, 136.4, 15, 55.8, 4.797998
07/15/2021 20:40:19, 11, 136.4, 15, 56.03, 4.75328
07/15/2021 20:58:30, 11, 136.4, 15, 55.77, 4.814295
07/15/2021 21:16:41, 11, 131.4, 15, 55.63, 5.410323
07/15/2021 21:34:52, 11, 131.4, 15, 55.89, 4.649206
07/15/2021 21:53:03, 11, 131.39, 15, 55.9, 4.809217
07/15/2021 22:11:13, 11, 131.3, 15, 56.35, 5.432216
07/15/2021 22:29:25, 11, 131.3, 15, 55.75, 5.17126
07/15/2021 22:47:35, 11, 131.3, 15, 56.08, 5.651327
07/15/2021 23:05:44, 11, 131.3, 15, 55.36, 4.532073
07/15/2021 23:23:56, 11, 131.3, 15, 56.43, 4.869175
07/15/2021 23:42:07, 11, 131.3, 15, 55.87, 4.706803
07/16/2021 00:00:07, 11, 131.3, 15, 55.66, 5.354072
07/16/2021 00:18:12, 11, 131.3, 15, 56.28, 4.714356
07/16/2021 00:36:19, 11, 131.3, 15, 55.98, 4.629575
07/16/2021 00:54:30, 11, 131.3, 15, 55.68, 4.899637
07/16/2021 01:12:31, 11, 131.3, 15, 55.5, 4.789644
07/16/2021 01:30:37, 11, 131.3, 15, 55.44, 4.848521
07/16/2021 01:48:36, 11, 131.3, 15, 55.35, 5.036592
07/16/2021 02:06:38, 11, 131.3, 15, 55.7, 4.716165
07/16/2021 02:24:46, 11, 131.3, 15, 55.64, 4.702015
07/16/2021 02:42:54, 11, 131.3, 15, 56.65, 5.272493
07/16/2021 03:01:01, 11, 131.3, 15, 56.26, 5.27842
07/16/2021 03:19:10, 11, 131.3, 15, 55.61, 5.345132
07/16/2021 03:37:20, 11, 131.3, 15, 55.39, 4.748525
07/16/2021 03:55:28, 11, 131.3, 15, 55.73, 5.19586
07/16/2021 04:13:33, 11, 131.3, 15, 55.72, 4.496179
07/16/2021 04:31:41, 11, 131.35, 15, 56.42, 5.429153
07/16/2021 04:49:48, 11, 131.4, 15, 55.88, 4.775395
07/16/2021 05:07:59, 11, 131.4, 15, 56.34, 5.140732
07/16/2021 05:26:08, 11, 131.4, 15, 56.18, 4.794532
07/16/2021 05:44:16, 11, 131.4, 15, 55.58, 4.462101
07/16/2021 06:02:25, 11, 131.5, 15, 56.29, 5.556713
07/16/2021 06:20:33, 11, 131.6, 15, 55.91, 4.661416
07/16/2021 06:38:44, 11, 131.6, 15, 55.96, 5.193689
07/16/2021 06:56:53, 11, 131.6, 15, 56.06, 5.15711
07/16/2021 07:15:02, 11, 131.7, 15, 55.26, 4.69868
07/16/2021 07:33:12, 11, 131.8, 15, 55.57, 4.58635
07/16/2021 07:51:20, 11, 131.8, 15, 55.62, 5.401498
07/16/2021 08:09:31, 11, 136.9, 15, 55.38, 5.028725
07/16/2021 08:27:34, 11, 132, 15, 56.5, 4.845813
07/16/2021 08:45:40, 11, 132.02, 15, 54.69, 4.740931
07/16/2021 09:03:40, 11, 132.1, 15, 55.16, 4.646829
07/16/2021 09:21:42, 11, 132.12, 15, 55.48, 4.941582
07/16/2021 09:39:52, 11, 132.3, 15, 54.01, 4.812123
07/16/2021 09:57:52, 11, 132.38, 15, 57.97, 5.585071
07/16/2021 10:15:53, 11, 132.5, 15, 53.7, 4.753346
07/16/2021 10:33:54, 11, 132.68, 15, 51.44, 4.546594
07/16/2021 10:51:56, 11, 132.74, 15, 52.98, 4.581356
07/16/2021 11:09:58, 11, 132.8, 15, 52.53, 4.719698
07/16/2021 11:28:00, 11, 132.98, 15, 54.09, 4.90303
07/16/2021 11:46:02, 11, 133.1, 15, 53.59, 5.238961
07/16/2021 12:04:06, 11, 133.26, 15, 52.89, 5.101181
07/16/2021 12:22:07, 11, 133.41, 15, 52.89, 5.441545
07/16/2021 12:40:13, 11, 133.5, 15, 52.44, 4.747402
07/16/2021 12:58:13, 11, 133.7, 15, 53.82, 4.919705
07/16/2021 13:16:18, 11, 133.86, 15, 54.17, 5.071676
07/16/2021 13:34:22, 11, 134.02, 15, 55.81, 5.121224
07/16/2021 13:52:24, 11, 134.14, 15, 55.03, 4.53861
07/16/2021 14:10:25, 11, 134.26, 15, 54.16, 5.131238
07/16/2021 14:28:27, 11, 134.48, 15, 52.24, 4.910278
07/16/2021 14:46:28, 11, 134.64, 15, 53.36, 5.224498
07/16/2021 15:04:29, 11, 134.83, 15, 55.06, 4.963195
07/16/2021 15:22:31, 11, 134.94, 15, 53.5, 4.951942
07/16/2021 15:40:31, 11, 135.14, 15, 53.7, 4.778425
07/16/2021 15:58:44, 11, 135.32, 15, 54.6, 5.277934
07/16/2021 16:16:45, 11, 135.52, 15, 52.94, 4.840604
07/16/2021 16:34:47, 11, 135.62, 15, 53.99, 5.515891
07/16/2021 16:52:50, 11, 135.84, 15, 53.8, 5.277777
07/16/2021 17:11:01, 11, 136, 15, 53.4, 5.541903
07/16/2021 17:29:01, 11, 136.22, 15, 54.02, 4.759975
07/16/2021 17:47:02, 11, 136.42, 15, 54.26, 4.768098
07/16/2021 18:05:04, 11, 136.52, 15, 54.43, 4.617456
07/16/2021 18:23:06, 11, 136.72, 15, 54.62, 5.399508
07/16/2021 18:41:10, 11, 136.9, 15, 61.73, 5.522594
07/16/2021 18:59:12, 11, 137.1, 15, 62.14, 6.553716
07/16/2021 19:17:14, 11, 137.18, 15, 62.25, 5.694584
07/16/2021 19:35:19, 11, 137.26, 15, 68.63, 7.040981
07/16/2021 19:53:21, 11, 137.4, 15, 69.59, 6.76183
07/16/2021 20:11:32, 11, 137.52, 15, 69.83, 7.161557
07/16/2021 20:29:44, 11, 137.6, 15, 70.06, 7.020534
07/16/2021 20:47:47, 11, 137.72, 15, 77.32, 8.206217
07/16/2021 21:05:54, 11, 137.8, 15, 76.55, 8.60005
07/16/2021 21:24:03, 11, 137.8, 15, 76.85, 8.131037
07/16/2021 21:42:08, 11, 137.83, 15, 81.77, 9.362315
07/16/2021 22:00:13, 11, 137.9, 15, 82.69, 9.49117
07/16/2021 22:18:19, 11, 137.9, 15, 82.56, 8.177877
07/16/2021 22:36:29, 11, 137.9, 15, 88, 9.741008
07/16/2021 22:54:39, 11, 137.9, 15, 88, 10.23617
07/16/2021 23:12:49, 11, 137.9, 15, 87.98, 9.724109
07/16/2021 23:30:59, 11, 137.9, 15, 87.84, 9.993173
07/16/2021 23:49:10, 11, 137.9, 15, 88, 10.2307
07/17/2021 00:07:19, 11, 137.9, 15, 88, 10.3188
07/17/2021 00:25:29, 11, 137.9, 15, 88, 9.481124
07/17/2021 00:43:38, 11, 136.9, 15, 88, 9.973186
07/17/2021 01:01:44, 11, 137.9, 15, 88, 10.21854
07/17/2021 01:19:55, 11, 138.04, 15, 88, 10.42531
07/17/2021 01:37:55, 11, 138.1, 15, 88, 9.646642
07/17/2021 01:55:59, 11, 138.1, 15, 88, 10.00501
07/17/2021 02:14:10, 11, 137.9, 15, 88, 10.15017
07/17/2021 02:32:14, 11, 137.82, 15, 88, 10.48258
07/17/2021 02:50:19, 11, 137.8, 15, 88, 9.843934
07/17/2021 03:08:31, 11, 137.8, 15, 88, 9.692714
07/17/2021 03:26:36, 11, 137.84, 15, 88, 10.18379
07/17/2021 03:44:36, 11, 137.9, 15, 88, 9.461675
07/17/2021 04:02:47, 11, 137.9, 15, 88, 10.54773
07/17/2021 04:20:58, 11, 137.9, 15, 88, 9.673257
07/17/2021 04:39:08, 11, 137.9, 15, 88, 9.939776
07/17/2021 04:57:08, 11, 137.9, 15, 88, 9.952565
07/17/2021 05:15:20, 11, 138.06, 15, 88, 10.16457
07/17/2021 05:33:20, 11, 138.1, 15, 88, 10.09503
07/17/2021 05:51:20, 11, 138.08, 15, 88, 10.11528
07/17/2021 06:09:21, 11, 137.88, 15, 88, 9.422982
07/17/2021 06:27:23, 11, 137.8, 15, 88, 9.519231
07/17/2021 06:45:23, 11, 137.8, 15, 88, 9.578998
07/17/2021 07:03:24, 11, 137.8, 15, 88, 11, 136.00542
07/17/2021 07:21:26, 11, 137.8, 15, 88, 9.735814
07/17/2021 07:39:26, 11, 137.8, 15, 88, 10.73699
07/17/2021 07:57:27, 11, 137.8, 15, 88, 9.387492
07/17/2021 08:15:28, 11, 137.8, 15, 88, 10.16297
07/17/2021 08:33:29, 11, 137.8, 15, 88, 10.50302
07/17/2021 08:51:36, 11, 137.8, 15, 88, 10.30042
07/17/2021 09:09:47, 11, 137.8, 15, 88, 9.287225
07/17/2021 09:27:48, 11, 137.8, 15, 88, 9.935311
07/17/2021 09:45:49, 11, 137.8, 15, 88, 10.73595
07/17/2021 10:03:52, 11, 137.8, 15, 88, 9.627564
07/17/2021 10:21:55, 11, 137.8, 15, 88, 9.562001
07/17/2021 10:39:56, 11, 137.8, 15, 87.08, 9.387633
07/17/2021 10:57:59, 11, 137.8, 15, 87.4, 9.562289
07/17/2021 11:16:03, 11, 137.8, 15, 87.62, 10.23171
07/17/2021 11:34:04, 11, 137.8, 15, 84.32, 9.520196
07/17/2021 11:52:07, 11, 137.85, 15, 80.67, 9.353862
07/17/2021 12:10:09, 11, 137.9, 15, 80.7, 9.369323
07/17/2021 12:28:11, 11, 137.9, 15, 78.98, 8.393727
07/17/2021 12:46:14, 11, 138, 15, 75.68, 7.13765
07/17/2021 13:04:16, 11, 138.1, 15, 73.6, 7.552708
07/17/2021 13:22:19, 11, 138.26, 15, 75.05, 8.756751
07/17/2021 13:40:20, 11, 138.3, 15, 69.81, 7.68106
07/17/2021 13:58:22, 11, 138.44, 15, 67.69, 6.734836
07/17/2021 14:16:24, 11, 138.55, 15, 68.35, 6.90529
07/17/2021 14:34:26, 11, 138.62, 15, 64.85, 6.617768
07/17/2021 14:52:29, 11, 138.84, 15, 61.34, 5.495451
07/17/2021 15:10:31, 11, 139.04, 15, 60.58, 5.553205
07/17/2021 15:28:33, 11, 139.21, 15, 61.62, 6.21412
07/17/2021 15:46:39, 11, 139.34, 15, 53.74, 4.972448
07/17/2021 16:04:41, 11, 139.58, 15, 52.8, 4.772507
07/17/2021 16:22:44, 11, 139.8, 15, 53.42, 5.229599
07/17/2021 16:40:46, 11, 139.98, 15, 53.32, 4.800508
07/17/2021 16:58:48, 11, 140.2, 15, 54.01, 5.012511
07/17/2021 17:16:51, 11, 140.36, 15, 54.99, 4.77807
07/17/2021 17:34:57, 11, 140.58, 15, 54.45, 4.694858
07/17/2021 17:53:00, 11, 140.68, 15, 53.12, 4.579615
07/17/2021 18:11:02, 11, 140.86, 15, 52.97, 4.547378
07/17/2021 18:29:04, 11, 141.04, 15, 54.6, 5.249495
07/17/2021 18:47:07, 11, 141.2, 15, 54.4, 4.70015
07/17/2021 19:05:09, 11, 136.32, 15, 54.36, 5.209432
07/17/2021 19:23:12, 11, 141.5, 15, 54.31, 4.672313
07/17/2021 19:41:13, 11, 141.58, 15, 54.73, 4.993607
07/17/2021 19:59:16, 11, 141.68, 15, 54.67, 4.572392
07/17/2021 20:17:18, 11, 141.8, 15, 55.23, 4.892662
07/17/2021 20:35:20, 11, 141.94, 15, 55.36, 5.420782
07/17/2021 20:53:23, 11, 142, 15, 55.76, 5.225918
07/17/2021 21:11:25, 11, 142.16, 15, 55.83, 5.134491
07/17/2021 21:29:26, 11, 142.21, 15, 55.61, 4.83414
07/17/2021 21:47:32, 11, 142.3, 15, 55.71, 5.025076
07/17/2021 22:05:35, 11, 142.32, 15, 55.84, 4.704112
07/17/2021 22:23:38, 11, 142.5, 15, 56.15, 4.787068
07/17/2021 22:41:40, 11, 142.56, 15, 55.35, 5.218975
07/17/2021 22:59:42, 11, 142.7, 15, 55.55, 4.646061
07/17/2021 23:17:45, 11, 142.82, 15, 55.41, 4.907472
07/17/2021 23:35:51, 11, 142.9, 15, 54.62, 4.710064
07/17/2021 23:53:54, 11, 142.98, 15, 54.66, 5.362195
07/18/2021 00:11:56, 11, 143, 15, 55.57, 4.796447
07/18/2021 00:30:07, 11, 143.14, 15, 55.21, 4.785483
07/18/2021 00:48:08, 11, 143.2, 15, 55.52, 4.581967
07/18/2021 01:06:09, 11, 143.34, 15, 55.43, 4.657172
07/18/2021 01:24:11, 11, 143.4, 15, 56.04, 5.275722
07/18/2021 01:42:24, 11, 143.6, 15, 55.3, 4.979531
07/18/2021 02:00:34, 11, 143.6, 15, 55.24, 4.860367
07/18/2021 02:18:45, 11, 143.68, 15, 55.69, 5.250526
07/18/2021 02:36:45, 11, 143.72, 15, 56.1, 4.713044
07/18/2021 02:54:53, 11, 143.9, 15, 54.83, 5.376187
07/18/2021 03:13:03, 11, 143.98, 15, 55.85, 5.56539
07/18/2021 03:31:13, 11, 144.1, 15, 56.28, 4.570261
07/18/2021 03:49:14, 11, 144.28, 15, 55.83, 5.201185
07/18/2021 04:07:21, 11, 136.32, 15, 55.19, 4.415648
07/18/2021 04:25:32, 11, 144.4, 15, 55.68, 4.656149
07/18/2021 04:43:43, 11, 144.54, 15, 56.07, 4.688122
07/18/2021 05:01:44, 11, 144.64, 15, 55.41, 5.355575
07/18/2021 05:19:52, 11, 144.8, 15, 55.26, 5.259995
07/18/2021 05:38:04, 11, 144.96, 15, 55.5, 4.745867
07/18/2021 05:56:06, 11, 145.03, 15, 55.37, 5.243286
07/18/2021 06:14:10, 11, 145.12, 15, 56.36, 4.733806
07/18/2021 06:32:20, 11, 145.3, 15, 55.89, 4.820172
07/18/2021 06:50:32, 11, 145.48, 15, 55.73, 4.611859
07/18/2021 07:08:43, 11, 145.6, 15, 55.52, 5.480097
07/18/2021 07:26:55, 11, 145.74, 15, 56.3, 5.206435
07/18/2021 07:45:06, 11, 145.82, 15, 62.41, 5.612808
07/18/2021 08:03:16, 11, 146, 15.33333, 60.88, 5.755425
07/18/2021 08:21:18, 11, 146.08, 16, 61.49, 5.92697
07/18/2021 08:39:21, 11, 146.08, 38.66667, 65.88, 6.223201
07/18/2021 08:57:30, 11, 145.64, 55, 67.24, 7.288094
07/18/2021 09:15:36, 11, 144.89, 69.66666, 70.26, 6.81624
07/18/2021 09:33:41, 11, 144.3, 69, 69.51, 7.35577
07/18/2021 09:51:45, 11, 143.86, 51, 76.77, 8.142215
07/18/2021 10:09:55, 11, 143.9, 15, 75.15, 7.22949
07/18/2021 10:27:58, 11, 144.32, 15, 75.11, 8.303208
07/18/2021 10:46:00, 11, 144.6, 15, 80.95, 9.143567
07/18/2021 11:04:10, 11, 144.88, 15, 81.54, 9.680289
07/18/2021 11:22:12, 11, 145.04, 15.33333, 81.95, 8.504248
07/18/2021 11:40:16, 11, 145.2, 16, 86.05, 9.44362
07/18/2021 11:58:18, 11, 145.3, 22, 85.12, 10.6766
07/18/2021 12:16:22, 11, 145.09, 35.33333, 87.38, 9.873908
07/18/2021 12:34:33, 11, 144.7, 36, 83.77, 10.77857
07/18/2021 12:52:42, 11, 144.4, 29, 80.56, 9.593652
07/18/2021 13:10:44, 11, 144.64, 15, 80.17, 8.843077
07/18/2021 13:28:48, 11, 145.05, 15, 81.84, 9.797359
07/18/2021 13:46:58, 11, 145.2, 15, 74.54, 7.054776
07/18/2021 14:05:00, 11, 145.56, 15, 74.41, 8.036745
07/18/2021 14:23:04, 11, 145.82, 15, 75.09, 7.803361
07/18/2021 14:41:15, 11, 146.16, 15, 69.86, 7.693154
07/18/2021 14:59:25, 11, 146.44, 15, 69.72, 6.580983
07/18/2021 15:17:27, 11, 146.72, 15, 68.08, 6.750521
07/18/2021 15:35:30, 11, 146.98, 15, 68.55, 6.822011
07/18/2021 15:53:32, 11, 147.28, 15, 74.67, 7.605657
07/18/2021 16:11:36, 11, 136.42, 15, 73.97, 8.001554
07/18/2021 16:29:48, 11, 136.6, 15, 76, 8.002313
07/18/2021 16:47:57, 11, 147.76, 15, 78.34, 9.52571
07/18/2021 17:06:08, 11, 147.88, 15, 81.55, 8.773683
07/18/2021 17:24:10, 11, 148, 15, 81.17, 8.947365
07/18/2021 17:42:15, 11, 148, 15, 87.12, 10.96757
07/18/2021 18:00:16, 11, 148, 15, 86.95, 9.995616
07/18/2021 18:18:20, 11, 148, 15, 86.76, 9.889768
07/18/2021 18:36:31, 11, 147.86, 15, 87.01, 10.27627
07/18/2021 18:54:41, 11, 147.8, 15, 88, 9.565534
07/18/2021 19:12:43, 11, 147.8, 15, 88, 9.303521
07/18/2021 19:30:48, 11, 147.64, 15, 88, 9.885846
07/18/2021 19:48:57, 11, 147.6, 15, 87.66, 10.66025
07/18/2021 20:07:00, 11, 147.5, 15, 87.01, 9.929358
07/18/2021 20:25:04, 11, 147.4, 15, 87.51, 9.740298
07/18/2021 20:43:14, 11, 147.39, 15, 81.9, 9.169009
07/18/2021 21:01:15, 11, 147.3, 15, 83.24, 9.054584
07/18/2021 21:19:18, 11, 147.3, 15, 82.38, 8.961795
07/18/2021 21:37:18, 11, 147.3, 15, 81.02, 8.31867
07/18/2021 21:55:25, 11, 147.3, 15, 75.61, 7.931152
07/18/2021 22:13:34, 11, 147.34, 15, 76.18, 7.592291
07/18/2021 22:31:40, 11, 147.4, 15, 76.74, 7.422192
07/18/2021 22:49:45, 11, 136.4, 15, 69.41, 6.314057
07/18/2021 23:07:56, 11, 147.5, 15, 70, 6.507164
07/18/2021 23:26:06, 11, 147.6, 15, 69.31, 6.334522
07/18/2021 23:44:06, 11, 147.74, 15, 63.05, 5.974924
07/19/2021 00:02:16, 11, 147.86, 15, 62.3, 6.308882
07/19/2021 00:20:16, 11, 148.01, 15, 62.68, 5.704053
07/19/2021 00:38:17, 11, 148.1, 15, 63.24, 5.794349
07/19/2021 00:56:23, 11, 148.28, 15, 55.25, 4.941103
07/19/2021 01:14:25, 11, 148.52, 15, 55.25, 5.000805
07/19/2021 01:32:27, 11, 148.73, 15, 54.88, 4.741128
07/19/2021 01:50:29, 11, 148.88, 15, 54.79, 4.919004
07/19/2021 02:08:30, 11, 149.06, 15, 55.32, 4.707901
07/19/2021 02:26:32, 11, 149.28, 15, 55.62, 4.888427
07/19/2021 02:44:34, 11, 149.41, 15, 54.91, 5.133748
07/19/2021 03:02:36, 11, 149.5, 15, 55.71, 4.773415
07/19/2021 03:20:37, 11, 149.7, 15, 55.65, 4.828617
07/19/2021 03:38:40, 11, 149.86, 15, 55.68, 4.876176
07/19/2021 03:56:41, 11, 150.04, 15, 55.19, 4.619075
07/19/2021 04:14:43, 11, 150.15, 15, 55.52, 5.522066
07/19/2021 04:32:45, 11, 150.2, 15, 55.83, 5.403678
07/19/2021 04:50:47, 11, 136.4, 15, 63.09, 6.255123
07/19/2021 05:08:49, 11, 150.4, 15, 63.1, 5.418257
07/19/2021 05:26:51, 11, 150.52, 15, 63.03, 5.775832
07/19/2021 05:44:53, 11, 150.6, 15, 69.93, 7.211164
07/19/2021 06:02:54, 11, 150.6, 15, 69.56, 7.015456
07/19/2021 06:20:56, 11, 150.6, 15, 71.04, 6.567807
07/19/2021 06:38:57, 11, 150.6, 15, 69.6, 7.033593
07/19/2021 06:56:58, 11, 150.58, 15, 76.91, 8.5375
07/19/2021 07:15:00, 11, 150.4, 15, 75.91, 8.348241
07/19/2021 07:33:00, 11, 150.4, 15, 75.47, 7.965907
07/19/2021 07:51:06, 11, 150.4, 15, 81.38, 9.390523
07/19/2021 08:09:08, 11, 150.4, 15, 82.7, 9.421588
07/19/2021 08:27:16, 11, 150.4, 15, 81.18, 9.114541
07/19/2021 08:45:20, 11, 150.4, 15, 86.94, 9.386056
07/19/2021 09:03:24, 11, 150.4, 15, 86.04, 10.2453
07/19/2021 09:21:32, 11, 150.4, 15, 87.35, 9.868724
07/19/2021 09:39:40, 11, 150.4, 15, 86.76, 9.152358
07/19/2021 09:57:51, 11, 150.42, 15, 88, 9.294408
07/19/2021 10:15:59, 11, 150.6, 15, 88, 10.33968
07/19/2021 10:34:07, 11, 150.62, 15, 88, 10.18593
07/19/2021 10:52:18, 11, 150.8, 15, 88, 10.32246
07/19/2021 11:10:28, 11, 150.83, 15, 88, 10.63297
07/19/2021 11:28:37, 11, 150.92, 15, 88, 10.1066
07/19/2021 11:46:47, 11, 151.1, 15, 88, 10.27846
07/19/2021 12:04:55, 11, 151.32, 15, 88, 10.44525
07/19/2021 12:23:04, 11, 151.5, 15, 88, 9.744185
07/19/2021 12:41:12, 11, 151.56, 15, 88, 9.403327
07/19/2021 12:59:20, 11, 151.68, 15, 88, 9.374425
07/19/2021 13:17:28, 11, 151.8, 15, 88, 10.14949
07/19/2021 13:35:35, 11, 152, 15, 88, 9.575374
07/19/2021 13:53:44, 11, 152.1, 15, 88, 10.1163
07/19/2021 14:11:52, 11, 152.2, 15, 88, 10.02978
07/19/2021 14:29:59, 11, 152.36, 15, 88, 9.816361
07/19/2021 14:48:06, 11, 152.4, 15, 88, 10.82443
07/19/2021 15:06:07, 11, 152.41, 15, 88, 10.28472
07/19/2021 15:24:18, 11, 152.5, 15, 88, 10.27113
07/19/2021 15:42:25, 11, 152.5, 15, 88, 10.25689
07/19/2021 16:00:33, 11, 152.5, 15, 88, 10.86017
07/19/2021 16:18:36, 11, 152.5, 15, 88, 10.48239
07/19/2021 16:36:36, 11, 152.5, 15, 88, 10.8257
07/19/2021 16:54:37, 11, 152.5, 15, 88, 9.629544
07/19/2021 17:12:38, 11, 152.43, 15, 88, 9.632855
07/19/2021 17:30:40, 11, 152.4, 15, 88, 10.46299
07/19/2021 17:48:40, 11, 152.4, 15, 88, 9.929135
07/19/2021 18:06:42, 11, 152.38, 15, 88, 10.28409
07/19/2021 18:24:42, 11, 152.2, 15, 88, 10.5353
07/19/2021 18:42:44, 11, 152.2, 15, 88, 10.36628
07/19/2021 19:00:45, 11, 152.04, 15, 88, 10.57135
07/19/2021 19:18:46, 11, 152, 15, 88, 10.14394
07/19/2021 19:36:47, 11, 151.86, 15, 88, 9.790877
07/19/2021 19:54:50, 11, 151.8, 15, 88, 10.03105
07/19/2021 20:12:52, 11, 151.6, 15, 88, 9.506228
07/19/2021 20:30:55, 11, 151.58, 15, 88, 10.46039
07/19/2021 20:48:57, 11, 151.5, 15, 88, 10.4717
07/19/2021 21:06:59, 11, 136.36, 15, 88, 10.75715
07/19/2021 21:25:02, 11, 151.24, 15, 88, 10.1712
07/19/2021 21:43:04, 11, 151.1, 15, 88, 9.991347
07/19/2021 22:01:07, 11, 150.94, 15, 88, 9.423617
07/19/2021 22:19:09, 11, 150.89, 15, 88, 10.01887
07/19/2021 22:37:11, 11, 150.8, 15, 88, 9.291245
07/19/2021 22:55:13, 11, 150.68, 15, 88, 10.0377
07/19/2021 23:13:16, 11, 150.58, 15, 88, 10.08828
07/19/2021 23:31:18, 11, 150.4, 15, 88, 9.706855
07/19/2021 23:49:19, 11, 150.32, 15, 87.84, 9.705964
07/20/2021 00:07:21, 11, 150.2, 15, 87.46, 9.334487
07/20/2021 00:25:23, 11, 150.14, 15, 87.91, 9.759524
07/20/2021 00:43:25, 11, 150.1, 15, 82.48, 8.879722
07/20/2021 01:01:28, 11, 150.04, 15, 81.12, 8.1067
07/20/2021 01:19:30, 11, 149.9, 15, 81.8, 8.803204
07/20/2021 01:37:32, 11, 149.9, 15, 83.08, 9.355
07/20/2021 01:55:34, 11, 149.9, 15, 75.39, 8.321733
07/20/2021 02:13:36, 11, 149.92, 15, 75.89, 7.768854
07/20/2021 02:31:38, 11, 150.1, 15, 76.26, 7.514444
07/20/2021 02:49:39, 11, 150.1, 15, 69.87, 6.767262
07/20/2021 03:07:42, 11, 150.1, 15, 69.47, 7.531054
07/20/2021 03:25:44, 11, 150.18, 15, 68.87, 7.56765
07/20/2021 03:43:47, 11, 150.2, 15, 63.47, 5.698043
07/20/2021 04:01:48, 11, 150.36, 15, 62.37, 6.102079
07/20/2021 04:19:52, 11, 150.54, 15, 62.9, 5.415326
07/20/2021 04:37:55, 11, 150.7, 15, 63.08, 6.371052
07/20/2021 04:55:58, 11, 150.81, 15, 55.98, 5.345965
07/20/2021 05:14:02, 11, 150.92, 15, 54.92, 4.654548
07/20/2021 05:32:05, 11, 151.14, 15, 54.69, 5.240571
07/20/2021 05:50:08, 11, 151.38, 15, 55.89, 4.647183
07/20/2021 06:08:11, 11, 151.52, 15, 55.66, 4.486834
07/20/2021 06:26:15, 11, 151.62, 15, 55.06, 4.967933
07/20/2021 06:44:17, 11, 151.8, 15, 55.51, 5.421195
07/20/2021 07:02:18, 11, 151.96, 15, 55.5, 4.797792
07/20/2021 07:20:25, 11, 152.08, 15, 53.98, 4.666641
07/20/2021 07:38:30, 11, 152.24, 15, 55.15, 5.4392
07/20/2021 07:56:35, 11, 152.4, 15, 56.33, 5.347237
07/20/2021 08:14:40, 11, 152.48, 15, 54.82, 5.302543
07/20/2021 08:32:45, 11, 152.6, 15, 54.13, 5.02463
07/20/2021 08:50:49, 11, 136.72, 15, 53.31, 5.6092
07/20/2021 09:08:52, 11, 152.9, 15, 53.93, 4.585987
07/20/2021 09:26:59, 11, 153.08, 15, 51.38, 4.90062
07/20/2021 09:45:08, 11, 153.18, 15, 53.44, 5.430573
07/20/2021 10:03:15, 11, 153.3, 15, 53.06, 4.764466
07/20/2021 10:21:23, 11, 153.54, 15, 52.15, 5.068894
07/20/2021 10:39:32, 11, 153.7, 15, 53.8, 5.489334
07/20/2021 10:57:40, 11, 153.87, 15, 60.7, 5.966017
07/20/2021 11:15:51, 11, 153.9, 15, 62.85, 5.413427
07/20/2021 11:34:00, 11, 154.08, 15, 62.53, 5.569253
07/20/2021 11:52:06, 11, 154.26, 15, 68.15, 6.573355
07/20/2021 12:10:16, 11, 154.5, 15, 66.97, 7.446611
07/20/2021 12:28:24, 11, 154.5, 15, 69.31, 6.884858
07/20/2021 12:46:30, 11, 154.58, 15, 74.84, 7.252381
07/20/2021 13:04:37, 11, 154.6, 15, 76.29, 7.882306
07/20/2021 13:22:44, 11, 154.6, 15, 75.51, 8.567814
07/20/2021 13:40:47, 11, 154.78, 15, 76.04, 8.043631
07/20/2021 13:58:50, 11, 154.8, 15, 84.26, 8.750196
07/20/2021 14:16:56, 11, 154.98, 15, 81.7, 9.230618
07/20/2021 14:35:04, 11, 155.02, 15, 80.87, 8.507823
07/20/2021 14:53:12, 11, 155.2, 15, 86.4, 9.290288
07/20/2021 15:11:22, 11, 155.26, 15, 87.82, 9.863029
07/20/2021 15:29:24, 11, 155.3, 15, 86.59, 9.35633
07/20/2021 15:47:29, 11, 155.46, 15, 88, 9.897923
07/20/2021 16:05:33, 11, 155.58, 15, 88, 10.01095
07/20/2021 16:23:39, 11, 155.7, 15, 88, 9.9761
07/20/2021 16:41:41, 11, 155.9, 15, 88, 10.46033
07/20/2021 16:59:49, 11, 155.95, 15, 88, 9.861213
07/20/2021 17:18:00, 11, 156, 15, 88, 9.948081
07/20/2021 17:36:11, 11, 156, 15, 88, 10.44494
07/20/2021 17:54:20, 11, 156, 15, 88, 9.994344
07/20/2021 18:12:23, 11, 156, 15, 88, 10.69046
07/20/2021 18:30:28, 11, 156, 15, 88, 9.732438
07/20/2021 18:48:38, 11, 156, 15, 88, 10.6863
07/20/2021 19:06:38, 11, 155.95, 15, 88, 10.23276
07/20/2021 19:24:42, 11, 155.9, 15, 88, 9.671878
07/20/2021 19:42:44, 11, 155.72, 15, 88, 9.593726
07/20/2021 20:00:47, 11, 155.54, 15, 88, 10.68021
07/20/2021 20:18:49, 11, 155.38, 15, 88, 10.5207
07/20/2021 20:36:51, 11, 155.22, 15, 88, 10.26833
07/20/2021 20:54:54, 11, 155.02, 15, 88, 10.19277
07/20/2021 21:13:06, 11, 154.76, 15, 88, 9.785998
07/20/2021 21:31:18, 11, 154.55, 15, 88, 10.17986
07/20/2021 21:49:25, 11, 154.24, 15, 88, 9.997003
07/20/2021 22:07:26, 11, 153.85, 15, 88, 10.16794
07/20/2021 22:25:28, 11, 153.68, 15, 88, 9.234656
07/20/2021 22:43:35, 11, 153.3, 15, 88, 9.811614
07/20/2021 23:01:36, 11, 153.14, 15, 88, 10.4232
07/20/2021 23:19:44, 11, 152.86, 15, 88, 9.78259
07/20/2021 23:37:46, 11, 152.52, 15, 88, 9.759755
07/20/2021 23:55:47, 11, 152.28, 15, 88, 9.626193
07/21/2021 00:13:49, 11, 151.9, 15, 88, 9.2133
07/21/2021 00:32:01, 11, 151.68, 15, 88, 9.594907
07/21/2021 00:50:05, 11, 151.42, 15, 88, 9.372081
07/21/2021 01:08:08, 11, 151.08, 15, 88, 9.633235
07/21/2021 01:26:10, 11, 150.84, 15, 88, 9.717645
07/21/2021 01:44:12, 11, 150.52, 15, 88, 9.436521
07/21/2021 02:02:13, 11, 150.22, 15, 88, 10.49824
07/21/2021 02:20:15, 11, 150.02, 15, 88, 10.20499
07/21/2021 02:38:16, 11, 149.68, 15, 88, 9.258365
07/21/2021 02:56:17, 11, 149.44, 15, 87.6, 9.853122
07/21/2021 03:14:16, 11, 149.12, 15, 87.94, 9.979806
07/21/2021 03:32:27, 11, 148.81, 15, 87.55, 10.0872
07/21/2021 03:50:30, 11, 148.62, 15, 81.32, 8.197657
07/21/2021 04:08:34, 11, 148.34, 15, 81.63, 9.294951
07/21/2021 04:26:44, 11, 148.12, 15, 82.96, 8.018815
07/21/2021 04:44:56, 11, 147.96, 15, 83.03, 8.930483
07/21/2021 05:02:57, 11, 147.8, 15, 75.66, 8.311447
07/21/2021 05:21:01, 11, 147.6, 15, 77.2, 7.571281
07/21/2021 05:39:01, 11, 147.48, 15, 76.3, 8.670368
07/21/2021 05:57:06, 11, 147.36, 15, 69.7, 6.464411
07/21/2021 06:15:15, 11, 147.3, 15, 69.26, 7.092288
07/21/2021 06:33:15, 11, 147.3, 15, 70.05, 6.89171
07/21/2021 06:51:21, 11, 147.22, 15, 62.62, 6.173364
07/21/2021 07:09:23, 11, 147.1, 15, 62.95, 5.646019
07/21/2021 07:27:30, 11, 147.1, 15, 63, 5.660944
07/21/2021 07:45:31, 11, 147.1, 15, 61.77, 5.289639
07/21/2021 08:03:32, 11, 147.24, 15, 54.91, 5.399501
07/21/2021 08:21:35, 11, 147.3, 15, 54.21, 5.486272
07/21/2021 08:39:42, 11, 147.3, 15, 48.07, 4.807014
07/21/2021 08:57:50, 11, 147.4, 15, 52.13, 4.552925
07/21/2021 09:15:59, 11, 147.4, 15, 56.59, 4.442206
07/21/2021 09:34:01, 11, 147.58, 15, 53.59, 4.266485
07/21/2021 09:52:11, 11, 147.6, 15, 56.47, 4.705647
07/21/2021 10:10:12, 11, 147.62, 15, 53.72, 5.036097
07/21/2021 10:28:14, 11, 147.8, 15, 53.53, 5.17003
07/21/2021 10:46:21, 11, 147.8, 15, 52.8, 5.435444
07/21/2021 11:04:23, 11, 147.82, 15, 54.65, 5.073039
07/21/2021 11:22:28, 11, 148, 15, 53.89, 4.633819
07/21/2021 11:40:37, 11, 148, 15, 53.8, 5.365695
07/21/2021 11:58:44, 11, 148, 15, 53.9, 5.308792
07/21/2021 12:16:51, 11, 148.06, 15, 54.25, 5.275622
07/21/2021 12:34:57, 11, 148.1, 15, 54.85, 5.359447
07/21/2021 12:53:02, 11, 148.1, 15, 52.7, 5.314274
07/21/2021 13:11:06, 11, 148.1, 15, 54.48, 5.299307
07/21/2021 13:29:16, 11, 148.3, 15, 54.19, 5.15257
07/21/2021 13:47:19, 11, 148.3, 15, 56.7, 5.489466
07/21/2021 14:05:28, 11, 148.3, 15, 61.77, 5.733962
07/21/2021 14:23:39, 11, 148.3, 15, 60.6, 6.086105
07/21/2021 14:41:48, 11, 148.22, 15, 60.04, 5.925814
07/21/2021 15:00:00, 11, 148.1, 15, 67.99, 7.17664
07/21/2021 15:18:08, 11, 148.06, 15, 67.51, 7.378942
07/21/2021 15:36:15, 11, 148, 15, 67.55, 7.475463
07/21/2021 15:54:19, 11, 148, 15, 74.9, 8.008554
07/21/2021 16:12:19, 11, 147.8, 15, 73.96, 8.062947
07/21/2021 16:30:19, 11, 147.64, 15, 75.26, 7.503151
07/21/2021 16:48:20, 11, 147.6, 15, 79.67, 9.058654
07/21/2021 17:06:22, 11, 147.46, 15, 80.78, 9.132323
07/21/2021 17:24:24, 11, 147.35, 15, 79.83, 8.425906
07/21/2021 17:42:25, 11, 147.3, 15, 80.29, 8.595419
07/21/2021 18:00:30, 11, 147.2, 15, 87.19, 10.81296
07/21/2021 18:18:33, 11, 147.1, 15, 85.45, 9.627597
07/21/2021 18:36:35, 11, 146.96, 15, 86.82, 10.96978
07/21/2021 18:54:44, 11, 146.9, 15, 80.93, 9.439864
07/21/2021 19:12:45, 11, 146.9, 15, 80.95, 9.033542
07/21/2021 19:30:48, 11, 147, 15, 81.63, 9.380872
07/21/2021 19:48:50, 11, 147.1, 15, 75.92, 8.889363
07/21/2021 20:06:51, 11, 147.12, 15, 75.23, 7.727521
07/21/2021 20:24:51, 11, 147.3, 15, 75.37, 8.368623
07/21/2021 20:42:54, 11, 147.4, 15, 75.83, 7.632255
07/21/2021 21:00:55, 11, 147.52, 15, 68.62, 6.390856
07/21/2021 21:18:57, 11, 147.72, 15, 69.6, 6.918102
07/21/2021 21:36:58, 11, 147.88, 15, 70.84, 7.716558
07/21/2021 21:55:00, 11, 148, 15, 62.84, 6.382097
07/21/2021 22:13:00, 11, 148.2, 15, 63.03, 6.734926
07/21/2021 22:31:00, 11, 148.34, 15, 63.26, 5.699059
07/21/2021 22:49:02, 11, 148.56, 15, 57.11, 5.690878
07/21/2021 23:07:12, 11, 148.75, 15, 55.55, 4.917898
07/21/2021 23:25:14, 11, 148.98, 15, 55.68, 4.596456
07/21/2021 23:43:15, 11, 149.24, 15, 56.08, 5.116808
07/22/2021 00:01:17, 11, 149.42, 15, 55.52, 4.90445
07/22/2021 00:19:18, 11, 149.56, 15, 56.28, 4.544621
07/22/2021 00:37:18, 11, 149.8, 15, 56.15, 4.900743
07/22/2021 00:55:19, 11, 149.96, 15, 55.88, 4.651138
07/22/2021 01:13:21, 11, 150.12, 15, 55.99, 5.043502
07/22/2021 01:31:22, 11, 150.2, 15, 55.94, 5.05103
07/22/2021 01:49:27, 11, 150.38, 15, 56.82, 4.503361
07/22/2021 02:07:31, 11, 150.54, 15, 56.54, 4.809267
07/22/2021 02:25:33, 11, 150.66, 15, 56.15, 4.808722
07/22/2021 02:43:34, 11, 150.8, 15, 56.25, 5.438639
07/22/2021 03:01:37, 11, 150.88, 15, 55.99, 5.184674
07/22/2021 03:19:38, 11, 151.02, 15, 56.01, 5.326277
07/22/2021 03:37:39, 11, 151.14, 15, 55.94, 5.40944
07/22/2021 03:55:44, 11, 151.3, 15, 56.75, 5.430631
07/22/2021 04:13:45, 11, 151.46, 15, 55.09, 5.33965
07/22/2021 04:31:49, 11, 151.55, 15, 55.43, 4.973638
07/22/2021 04:49:51, 11, 151.62, 15, 55.64, 4.894263
07/22/2021 05:07:52, 11, 151.8, 15, 56.04, 4.763013
07/22/2021 05:25:53, 11, 151.98, 15, 56.33, 4.728258
07/22/2021 05:43:54, 11, 152.14, 15, 55.7, 4.705201
07/22/2021 06:02:02, 11, 152.2, 15, 63.62, 6.538864
07/22/2021 06:20:03, 11, 152.34, 15, 62.7, 5.600639
07/22/2021 06:38:06, 11, 152.4, 15, 63.65, 5.534012
07/22/2021 06:56:18, 11, 152.4, 15, 69.93, 7.250425
07/22/2021 07:14:29, 11, 152.4, 15, 69.13, 7.381676
07/22/2021 07:32:41, 11, 152.4, 15, 70.24, 6.27908
07/22/2021 07:50:42, 11, 152.4, 15, 70.78, 6.239133
07/22/2021 08:08:44, 11, 152.4, 15, 69.14, 7.408075
07/22/2021 08:26:46, 11, 152.43, 15, 68.61, 7.43266
07/22/2021 08:44:56, 11, 152.5, 15, 70.17, 7.159972
07/22/2021 09:02:59, 11, 152.5, 15, 63.68, 5.76657
07/22/2021 09:21:07, 11, 152.74, 15, 61.74, 5.926557
07/22/2021 09:39:09, 11, 152.94, 15, 58.98, 5.223713
07/22/2021 09:57:15, 11, 153.1, 15, 66.76, 6.478354
07/22/2021 10:15:18, 11, 153.18, 15, 66.88, 6.684363
07/22/2021 10:33:22, 11, 153.2, 15, 66.96, 7.504447
07/22/2021 10:51:31, 11, 153.2, 15, 74.86, 8.9269
07/22/2021 11:09:35, 11, 153.2, 15, 76.17, 8.800628
07/22/2021 11:27:42, 11, 153.16, 15, 74.48, 8.007233
07/22/2021 11:45:52, 11, 153.1, 15, 75.44, 8.242218
07/22/2021 12:03:55, 11, 153.1, 15, 68.44, 6.559015
07/22/2021 12:21:57, 11, 153.1, 15, 68.68, 7.482018
07/22/2021 12:39:58, 11, 153.1, 15, 68.87, 7.062214
07/22/2021 12:58:05, 11, 153.12, 15, 61.43, 5.67662
07/22/2021 13:16:16, 11, 153.2, 15, 61.15, 5.540937
07/22/2021 13:34:26, 11, 153.26, 15, 61.93, 5.526846
07/22/2021 13:52:28, 11, 153.4, 15, 54.27, 5.133261
07/22/2021 14:10:36, 11, 153.48, 15, 54.25, 5.005774
07/22/2021 14:28:44, 11, 153.62, 15, 51.88, 4.848323
07/22/2021 14:46:51, 11, 153.8, 15, 54.34, 4.931139
07/22/2021 15:04:55, 11, 153.8, 15, 60.58, 5.838539
07/22/2021 15:23:03, 11, 153.8, 15, 61.26, 5.591311
07/22/2021 15:41:12, 11, 153.8, 15, 61.69, 5.64497
07/22/2021 15:59:13, 11, 153.72, 15, 68, 6.541671
07/22/2021 16:17:24, 11, 153.54, 15, 69.05, 6.711432
07/22/2021 16:35:28, 11, 153.38, 15, 66.69, 6.59268
07/22/2021 16:53:33, 11, 136.2, 15, 75.32, 8.030125
07/22/2021 17:11:42, 11, 153.09, 15, 72.69, 7.767484
07/22/2021 17:29:43, 11, 152.8, 15, 74.28, 7.257228
07/22/2021 17:47:49, 11, 152.58, 15, 74.9, 7.921156
07/22/2021 18:06:00, 11, 152.42, 15, 80.42, 9.447665
07/22/2021 18:24:11, 11, 152.1, 15, 80.22, 8.947645
07/22/2021 18:42:22, 11, 151.86, 15, 80.41, 8.979891
07/22/2021 19:00:25, 11, 151.58, 15, 86.91, 10.09256
07/22/2021 19:18:33, 11, 151.32, 15, 86.69, 10.68786
07/22/2021 19:36:36, 11, 150.92, 15, 86.14, 9.715779
07/22/2021 19:54:41, 11, 150.76, 15, 81.02, 9.952449
07/22/2021 20:12:50, 11, 150.46, 15, 81.62, 9.085971
07/22/2021 20:30:50, 11, 150.3, 15, 81.4, 9.313319
07/22/2021 20:48:51, 11, 150.14, 15, 82.3, 9.488669
07/22/2021 21:06:58, 11, 149.94, 15, 76.58, 8.039263
07/22/2021 21:25:08, 11, 149.84, 15, 76.76, 7.813846
07/22/2021 21:43:19, 11, 149.7, 15, 76.01, 7.509583
07/22/2021 22:01:24, 11, 149.54, 15, 70.25, 6.625363
07/22/2021 22:19:28, 11, 149.5, 15, 69.76, 6.393886
07/22/2021 22:37:30, 11, 149.42, 15, 70.59, 7.041039
07/22/2021 22:55:35, 11, 149.4, 15, 62.75, 6.015994
07/22/2021 23:13:45, 11, 149.34, 15, 63.53, 5.434568
07/22/2021 23:31:55, 11, 149.22, 15, 63.34, 5.683662
07/22/2021 23:49:57, 11, 149.2, 15, 63.12, 6.411453
07/23/2021 00:08:02, 11, 149.2, 15, 55.43, 4.739709
07/23/2021 00:26:14, 11, 149.2, 15, 55.53, 4.715306
07/23/2021 00:44:24, 11, 149.2, 15, 55.87, 4.813254
07/23/2021 01:02:27, 11, 149.2, 15, 55.72, 4.661053
07/23/2021 01:20:30, 11, 149.2, 15, 55.29, 5.297912
07/23/2021 01:38:41, 11, 149.2, 15, 55.66, 5.305135
07/23/2021 01:56:41, 11, 149.2, 15, 55.61, 4.91992
07/23/2021 02:14:46, 11, 149.1, 15, 55.3, 5.193771
07/23/2021 02:32:57, 11, 149, 15, 55.41, 5.354089
07/23/2021 02:51:07, 11, 149, 15, 55.84, 4.783345
07/23/2021 03:09:11, 11, 149, 15, 55.35, 4.889359
07/23/2021 03:27:14, 11, 148.82, 15, 55.13, 5.29612
07/23/2021 03:45:23, 11, 148.8, 15, 55.27, 4.736117
07/23/2021 04:03:28, 11, 148.8, 15, 55.34, 4.893669
07/23/2021 04:21:32, 11, 148.73, 15, 55.56, 4.895675
07/23/2021 04:39:41, 11, 148.7, 15, 55.87, 5.29087
07/23/2021 04:57:53, 11, 148.7, 15, 56.58, 4.891531
07/23/2021 05:15:54, 11, 148.64, 15, 55.78, 5.173249
07/23/2021 05:33:59, 11, 148.5, 15, 55.92, 5.138296
07/23/2021 05:52:08, 11, 148.5, 15, 54.78, 4.771458
07/23/2021 06:10:09, 11, 136.5, 15, 55.73, 5.380464
07/23/2021 06:28:12, 11, 136.5, 15, 55.05, 4.713209
07/23/2021 06:46:13, 11, 136.5, 15, 55.65, 5.255983
07/23/2021 07:04:18, 11, 136.5, 15, 55.74, 4.684778
07/23/2021 07:22:29, 11, 136.5, 15, 55.74, 4.876217
07/23/2021 07:40:40, 11, 136.5, 15, 55.56, 4.955129
07/23/2021 07:58:41, 11, 136.5, 15, 55.7, 5.387613
07/23/2021 08:16:47, 11, 136.5, 15, 55.47, 5.392673
07/23/2021 08:34:57, 11, 136.5, 15, 55.14, 5.069481
07/23/2021 08:53:01, 11, 136.54, 15, 55.32, 5.296236
07/23/2021 09:11:04, 11, 136.7, 15, 55.65, 5.124238
07/23/2021 09:29:07, 11, 148.7, 15, 53.01, 5.066756
07/23/2021 09:47:08, 11, 148.78, 15, 51.59, 5.430903
07/23/2021 10:05:12, 11, 148.82, 15, 52.59, 4.976403
07/23/2021 10:23:16, 11, 149, 15, 54.65, 4.850683
07/23/2021 10:41:21, 11, 149.06, 15, 54.72, 5.05969
07/23/2021 10:59:23, 11, 149.2, 15, 54.07, 5.031655
07/23/2021 11:17:27, 11, 149.32, 15, 55.26, 5.134755
07/23/2021 11:35:31, 11, 149.4, 15, 54.62, 4.812033
07/23/2021 11:53:33, 11, 149.42, 15, 52.95, 4.340303
07/23/2021 12:11:35, 11, 149.5, 15, 55.63, 5.024819
07/23/2021 12:29:46, 11, 149.54, 15, 54.75, 5.498654
07/23/2021 12:47:49, 11, 149.7, 15, 51.65, 5.410992
07/23/2021 13:05:52, 11, 149.78, 15, 55.7, 5.041611
07/23/2021 13:23:55, 11, 149.9, 15, 54.26, 5.174413
07/23/2021 13:41:56, 11, 149.92, 15, 52.02, 4.605553
07/23/2021 14:00:03, 11, 150.1, 15, 53.42, 5.301973
07/23/2021 14:18:13, 11, 150.1, 15, 53.55, 5.215995
07/23/2021 14:36:14, 11, 150.2, 15, 51.05, 4.655224
07/23/2021 14:54:21, 11, 150.2, 15, 59.13, 5.98417
07/23/2021 15:12:30, 11, 150.2, 15, 61.71, 5.989808
07/23/2021 15:30:33, 11, 150.2, 15, 59.55, 5.984665
07/23/2021 15:48:38, 11, 150.2, 15, 61.02, 5.552718
07/23/2021 16:06:48, 11, 150.18, 15, 67.87, 6.745493
07/23/2021 16:25:00, 11, 150.1, 15, 67.99, 7.703993
07/23/2021 16:43:11, 11, 149.96, 15, 68.13, 6.588421
07/23/2021 17:01:21, 11, 149.9, 15, 74.55, 8.011955
07/23/2021 17:19:33, 11, 149.68, 15, 74.46, 9.00033
07/23/2021 17:37:45, 11, 149.5, 15, 74.63, 8.216544
07/23/2021 17:55:44, 11, 149.41, 15, 80.76, 9.129542
07/23/2021 18:13:52, 11, 149.24, 15, 79.32, 8.772734
07/23/2021 18:32:03, 11, 148.94, 15, 80.21, 9.069765
07/23/2021 18:50:14, 11, 148.76, 15, 80.63, 8.483585
07/23/2021 19:08:25, 11, 148.66, 15, 73.3, 8.252463
07/23/2021 19:26:26, 11, 148.5, 15, 74.39, 7.747696
07/23/2021 19:44:29, 11, 148.34, 15, 75.93, 7.720016
07/23/2021 20:02:40, 11, 148.24, 15, 69.59, 7.030984
07/23/2021 20:20:50, 11, 136.1, 15, 70.01, 6.500155
07/23/2021 20:38:54, 11, 148.1, 15, 69.52, 6.466854
07/23/2021 20:56:57, 11, 148.06, 15, 63.18, 6.27312
07/23/2021 21:15:08, 11, 148, 15, 63.02, 5.355781
07/23/2021 21:33:19, 11, 148, 15, 62.62, 5.492488
07/23/2021 21:51:22, 11, 148, 15, 63.49, 6.397568
07/23/2021 22:09:24, 11, 148, 15, 55.73, 5.161362
07/23/2021 22:27:33, 11, 148, 15, 56.13, 4.962642
07/23/2021 22:45:34, 11, 148, 15, 56.17, 5.439291
07/23/2021 23:03:42, 11, 148, 15, 54.91, 4.686966
07/23/2021 23:21:53, 11, 148, 15, 55.96, 5.393507
07/23/2021 23:40:04, 11, 148, 15, 55.77, 5.408029
07/23/2021 23:58:15, 11, 147.98, 15, 55.28, 5.379077
07/24/2021 00:16:17, 11, 147.8, 15, 55.04, 5.103947
07/24/2021 00:34:21, 11, 147.8, 15, 55.47, 4.843254
07/24/2021 00:52:32, 11, 147.8, 15, 55.98, 5.080642
07/24/2021 01:10:42, 11, 147.78, 15, 55.01, 5.325336
07/24/2021 01:28:47, 11, 147.6, 15, 55.44, 5.072511
07/24/2021 01:46:51, 11, 147.6, 15, 55.79, 5.176774
07/24/2021 02:05:00, 11, 147.6, 15, 55.74, 5.234338
07/24/2021 02:23:03, 11, 147.5, 15, 55.36, 5.291926
07/24/2021 02:41:08, 11, 147.4, 15, 55.66, 4.703897
07/24/2021 02:59:19, 11, 147.4, 15, 55.43, 5.163425
07/24/2021 03:17:20, 11, 147.4, 15, 55.75, 4.54538
07/24/2021 03:35:23, 11, 147.39, 15, 55.83, 4.849066
07/24/2021 03:53:34, 11, 147.3, 15, 55.41, 4.770592
07/24/2021 04:11:44, 11, 147.3, 15, 55.95, 4.657619
07/24/2021 04:29:47, 11, 147.3, 15, 55.64, 5.234297
07/24/2021 04:47:49, 11, 147.3, 15, 56.23, 4.742681
07/24/2021 05:06:01, 11, 147.3, 15, 55.94, 4.710947
07/24/2021 05:24:02, 11, 147.3, 15, 56.05, 4.675227
07/24/2021 05:42:07, 11, 147.3, 15, 55.69, 5.06182
07/24/2021 06:00:15, 11, 147.3, 15, 55.85, 4.615937
07/24/2021 06:18:16, 11, 147.3, 15, 56.01, 4.885323
07/24/2021 06:36:20, 11, 147.3, 15, 55.87, 4.64247
07/24/2021 06:54:30, 11, 136.3, 15, 56.38, 5.213238
07/24/2021 07:12:31, 11, 136.3, 15, 55.49, 5.063809
07/24/2021 07:30:36, 11, 136.3, 15, 55.28, 4.46078
07/24/2021 07:48:36, 11, 136.3, 15, 55.3, 5.270826
07/24/2021 08:06:42, 11, 147.3, 15, 54.57, 5.020016
07/24/2021 08:24:52, 11, 147.3, 15, 55.16, 4.834932
07/24/2021 08:42:54, 11, 147.35, 15, 57.63, 4.781092
07/24/2021 09:00:58, 11, 147.4, 15, 55.17, 4.801243
07/24/2021 09:19:00, 11, 147.4, 15, 53.5, 5.126937
07/24/2021 09:37:09, 11, 147.4, 15, 54.41, 5.423061
07/24/2021 09:55:19, 11, 147.58, 15, 51.8, 4.510295
07/24/2021 10:13:21, 11, 147.6, 15, 49.24, 4.701735
07/24/2021 10:31:26, 11, 147.72, 15, 54.01, 5.214641
07/24/2021 10:49:28, 11, 147.8, 15, 56.04, 5.148277
07/24/2021 11:07:36, 11, 147.8, 15, 59.67, 5.940508
07/24/2021 11:25:46, 11, 147.8, 15, 60.12, 6.33307
07/24/2021 11:43:48, 11, 147.7, 15, 60.43, 6.095203
07/24/2021 12:01:57, 11, 147.6, 15, 67.49, 6.23144
07/24/2021 12:20:08, 11, 147.56, 15, 67.82, 7.754656
07/24/2021 12:38:18, 11, 147.4, 15, 67.35, 6.418999
07/24/2021 12:56:22, 11, 147.34, 15, 71.24, 7.446594
07/24/2021 13:14:25, 11, 147.2, 15, 73.93, 7.36055
07/24/2021 13:32:34, 11, 147.02, 15, 73.84, 7.902267
07/24/2021 13:50:37, 11, 146.8, 15, 74.99, 8.158237
07/24/2021 14:08:42, 11, 146.7, 15, 67.02, 6.8258
07/24/2021 14:26:53, 11, 146.68, 15, 67.7, 7.439669
07/24/2021 14:44:56, 11, 146.5, 15, 68.36, 6.361072
07/24/2021 15:03:00, 11, 146.5, 15, 61.91, 6.361765
07/24/2021 15:21:11, 11, 146.5, 15, 60.56, 6.527943
07/24/2021 15:39:11, 11, 146.5, 15, 60.6, 6.447091
07/24/2021 15:57:21, 11, 146.5, 15, 55.01, 4.909122
07/24/2021 16:15:22, 11, 146.62, 15, 53.44, 5.054787
07/24/2021 16:33:26, 11, 146.7, 15, 53.73, 4.655472
07/24/2021 16:51:37, 11, 146.86, 15, 53.25, 5.315189
07/24/2021 17:09:38, 11, 146.9, 15, 53.64, 4.595399
07/24/2021 17:27:49, 11, 146.9, 15, 54.33, 4.649603
07/24/2021 17:45:49, 11, 146.9, 15, 53.33, 4.699332
07/24/2021 18:03:49, 11, 146.9, 15, 53.94, 5.033868
07/24/2021 18:21:59, 11, 146.9, 15, 53.72, 5.17935
07/24/2021 18:40:10, 11, 146.9, 15, 54.01, 4.766241
07/24/2021 18:58:13, 11, 146.9, 15, 54.58, 4.840513
07/24/2021 19:16:15, 11, 146.72, 15, 54.83, 4.909205
07/24/2021 19:34:26, 11, 146.7, 15, 54.9, 4.729199
07/24/2021 19:52:36, 11, 146.7, 15, 54.96, 5.184979
07/24/2021 20:10:38, 11, 146.7, 15, 55.36, 5.317377
07/24/2021 20:28:42, 11, 146.7, 15, 55.55, 5.326284
07/24/2021 20:46:52, 11, 146.58, 15, 55.63, 4.713605
07/24/2021 21:04:54, 11, 146.5, 15, 55.54, 4.495271
07/24/2021 21:22:56, 11, 146.5, 15, 55.61, 4.954304
07/24/2021 21:40:56, 11, 146.5, 15, 55.67, 4.922067
07/24/2021 21:59:02, 11, 146.5, 15, 55.83, 5.106629
07/24/2021 22:17:12, 11, 146.5, 15, 55.71, 5.348169
07/24/2021 22:35:23, 11, 146.5, 15, 55.15, 5.119161
07/24/2021 22:53:25, 11, 146.5, 15, 54.97, 4.779301
07/24/2021 23:11:30, 11, 146.5, 15, 55.79, 4.76199
07/24/2021 23:29:39, 11, 146.5, 15, 55.32, 4.853309
07/24/2021 23:47:40, 11, 136.5, 15, 55.1, 4.742961
07/25/2021 00:05:50, 11, 136.5, 15, 62.55, 5.447579
07/25/2021 00:23:49, 11, 146.41, 15, 62.59, 5.760833
07/25/2021 00:41:58, 11, 146.38, 15, 62.38, 6.184087
07/25/2021 00:59:58, 11, 146.2, 15, 68.26, 7.064162
07/25/2021 01:17:59, 11, 146.12, 15, 68.83, 7.305092
07/25/2021 01:36:10, 11, 145.9, 15, 69.14, 6.219832
07/25/2021 01:54:09, 11, 145.79, 15, 68.89, 6.856262
07/25/2021 02:12:18, 11, 145.68, 15, 75.21, 7.285501
07/25/2021 02:30:29, 11, 145.44, 15, 75.41, 8.271161
07/25/2021 02:48:40, 11, 145.16, 15, 75.4, 8.73783
07/25/2021 03:06:51, 11, 145.05, 15, 68.98, 6.104259
07/25/2021 03:25:01, 11, 145, 15, 69.52, 6.287277
07/25/2021 03:43:02, 11, 144.84, 15, 69.91, 7.376639
07/25/2021 04:01:07, 11, 136.8, 15, 63.32, 5.588752
07/25/2021 04:19:19, 11, 144.64, 15, 62.62, 5.540377
07/25/2021 04:37:29, 11, 144.68, 15, 63.27, 6.025166
07/25/2021 04:55:40, 11, 144.6, 15, 62.39, 5.977458
07/25/2021 05:13:50, 11, 144.6, 15, 55.03, 4.656528
07/25/2021 05:31:54, 11, 144.72, 15, 54.64, 5.289946
07/25/2021 05:49:57, 11, 144.8, 15, 55.23, 5.05789
07/25/2021 06:08:08, 11, 144.8, 15, 55.25, 4.586797
07/25/2021 06:26:09, 11, 144.8, 15, 55.74, 5.411297
07/25/2021 06:44:12, 11, 144.8, 15, 55.19, 5.005387
07/25/2021 07:02:13, 11, 144.8, 15, 55.4, 5.045945
07/25/2021 07:20:19, 11, 144.72, 15, 55.64, 5.187688
07/25/2021 07:38:28, 11, 144.6, 15, 54.32, 4.752405
07/25/2021 07:56:40, 11, 144.6, 15, 56, 5.204916
07/25/2021 08:14:40, 11, 144.6, 15, 55.08, 5.29437
07/25/2021 08:32:46, 11, 144.6, 15, 56.21, 5.288748
07/25/2021 08:50:58, 11, 144.6, 15, 55.1, 4.969881
07/25/2021 09:09:07, 11, 144.6, 15, 53.87, 5.408664
07/25/2021 09:27:18, 11, 144.6, 15, 54.72, 4.572094
07/25/2021 09:45:19, 11, 144.6, 15, 54.37, 5.375651
07/25/2021 10:03:23, 11, 144.68, 15, 53.09, 4.432259
07/25/2021 10:21:23, 11, 144.8, 15, 53.67, 4.709601
07/25/2021 10:39:31, 11, 144.8, 15, 54.71, 4.649247
07/25/2021 10:57:39, 11, 144.8, 15, 55.43, 5.494081
07/25/2021 11:15:39, 11, 144.92, 15, 55.56, 4.737818
07/25/2021 11:33:45, 11, 145, 15, 56.1, 5.100644
07/25/2021 11:51:54, 11, 145, 15, 54.86, 5.083432
07/25/2021 12:10:06, 11, 145.07, 15, 54.2, 5.346584
07/25/2021 12:28:17, 11, 145.1, 15, 53.41, 5.219115
07/25/2021 12:46:27, 11, 145.1, 15, 52.63, 5.198881
07/25/2021 13:04:29, 11, 145.26, 15, 53.64, 5.214484
07/25/2021 13:22:34, 11, 145.3, 15, 55.37, 4.871652
07/25/2021 13:40:45, 11, 145.32, 15, 53.97, 5.304862
07/25/2021 13:58:56, 11, 145.5, 15, 54.05, 4.76577
07/25/2021 14:16:55, 11, 145.5, 15, 53.42, 5.266724
07/25/2021 14:35:01, 11, 145.5, 15, 52.47, 5.153874
07/25/2021 14:53:04, 11, 145.68, 15, 52.11, 5.201515
07/25/2021 15:11:09, 11, 145.7, 15, 59.81, 5.434495
07/25/2021 15:29:19, 11, 145.7, 15, 61.63, 5.676893
07/25/2021 15:47:30, 11, 145.7, 15, 59.18, 6.113579
07/25/2021 16:05:30, 11, 145.7, 15, 68.16, 6.44009
07/25/2021 16:23:37, 11, 145.52, 15, 68.16, 6.579447
07/25/2021 16:41:48, 11, 145.46, 15, 69.05, 6.928735
07/25/2021 16:59:58, 11, 145.3, 15, 67.33, 6.936115
07/25/2021 17:18:10, 11, 145.22, 15, 74.38, 7.358701
07/25/2021 17:36:21, 11, 145.07, 15, 74.35, 8.28683
07/25/2021 17:54:22, 11, 145, 15, 74.15, 8.007794
07/25/2021 18:12:26, 11, 144.86, 15, 67.95, 6.587513
07/25/2021 18:30:26, 11, 144.8, 15, 67.72, 6.615556
07/25/2021 18:48:31, 11, 144.8, 15, 68.37, 6.572059
07/25/2021 19:06:42, 11, 144.7, 15, 61.64, 5.89716
07/25/2021 19:24:53, 11, 144.66, 15, 62.1, 6.408457
07/25/2021 19:43:03, 11, 144.6, 15, 62.4, 6.385953
07/25/2021 20:01:06, 11, 136.6, 15, 58.09, 5.44663
07/25/2021 20:19:12, 11, 136.6, 15, 55.48, 5.209928
07/25/2021 20:37:21, 11, 136.72, 15, 55.51, 5.16946
07/25/2021 20:55:23, 11, 136.8, 15, 55.64, 5.066971
07/25/2021 21:13:29, 11, 136.8, 15, 55.37, 4.805676
07/25/2021 21:31:41, 11, 136.8, 15, 55.12, 5.360577
07/25/2021 21:49:42, 11, 136.7, 15, 55.47, 5.190098
07/25/2021 22:07:49, 11, 136.6, 15, 55.65, 4.940773
07/25/2021 22:25:58, 11, 136.6, 15, 55.53, 5.191741
07/25/2021 22:44:02, 11, 136.6, 15, 55.77, 5.454909
07/25/2021 23:02:07, 11, 136.6, 15, 55.38, 5.193425
07/25/2021 23:20:17, 11, 136.6, 15, 55.27, 5.217901
07/25/2021 23:38:20, 11, 136.6, 15, 55.23, 4.88709
07/25/2021 23:56:25, 11, 144.6, 15, 55.26, 5.07171
07/26/2021 00:14:35, 11, 144.6, 15, 55.46, 4.909263
07/26/2021 00:32:46, 11, 144.46, 15, 55.13, 5.349969
07/26/2021 00:50:47, 11, 144.4, 15, 55.39, 5.376666
07/26/2021 01:08:51, 11, 144.4, 15, 55.27, 5.244121
07/26/2021 01:26:53, 11, 144.4, 15, 55.25, 4.642412
07/26/2021 01:44:57, 11, 144.4, 15, 55.48, 4.64427
07/26/2021 02:03:09, 11, 144.54, 15, 54.83, 4.616986
07/26/2021 02:21:20, 11, 144.6, 15, 55.11, 4.817786
07/26/2021 02:39:31, 11, 144.6, 15, 55.43, 4.670051
07/26/2021 02:57:43, 11, 144.6, 15, 55.07, 5.138288
07/26/2021 03:15:52, 11, 144.6, 15, 55.34, 4.622435
07/26/2021 03:34:03, 11, 144.6, 15, 54.63, 4.668796
07/26/2021 03:52:13, 11, 144.6, 15, 55.33, 5.446498
07/26/2021 04:10:24, 11, 144.6, 15, 55, 4.998445
07/26/2021 04:28:35, 11, 144.6, 15, 55.49, 4.974785
07/26/2021 04:46:45, 11, 144.68, 15, 55.32, 4.971854
07/26/2021 05:04:47, 11, 144.8, 15, 55.63, 5.284719
07/26/2021 05:22:50, 11, 144.8, 15, 55.34, 5.264049
07/26/2021 05:40:50, 11, 144.8, 15, 55.61, 5.298853
07/26/2021 05:58:55, 11, 144.8, 15, 55.68, 5.374215
07/26/2021 06:17:05, 11, 144.8, 15, 55.8, 4.985343
07/26/2021 06:35:16, 11, 144.8, 15, 55.51, 5.337108
07/26/2021 06:53:18, 11, 144.8, 15, 54.93, 5.018414
07/26/2021 07:11:23, 11, 144.88, 15, 55.13, 4.850527
07/26/2021 07:29:23, 11, 145, 15, 55, 5.439901
07/26/2021 07:47:29, 11, 145, 15, 55.06, 4.778244
07/26/2021 08:05:34, 11, 145, 15, 55.79, 5.169047
07/26/2021 08:23:44, 11, 145, 15, 53.46, 5.339427
07/26/2021 08:41:43, 11, 145, 15, 54.59, 5.050254
07/26/2021 08:59:50, 11, 145, 15, 54.65, 5.259111
07/26/2021 09:18:02, 11, 145, 15, 62.19, 6.027221
07/26/2021 09:36:12, 11, 145, 15, 62.74, 5.50388
07/26/2021 09:54:12, 11, 144.8, 15, 62.16, 6.462132
07/26/2021 10:12:19, 11, 144.8, 15, 70.23, 7.137633
07/26/2021 10:30:29, 11, 144.68, 15, 69.74, 7.176747
07/26/2021 10:48:29, 11, 144.6, 15, 65.58, 6.808696
07/26/2021 11:06:35, 11, 144.48, 15, 61.16, 6.295516
07/26/2021 11:24:46, 11, 144.4, 15, 60.35, 5.999054
07/26/2021 11:42:46, 11, 144.4, 15, 60.46, 5.892603
07/26/2021 12:00:56, 11, 144.4, 15, 60.93, 6.151083
07/26/2021 12:19:05, 11, 144.44, 15, 51.94, 5.371985
07/26/2021 12:37:07, 11, 144.6, 15, 52.2, 5.194069
07/26/2021 12:55:09, 11, 144.74, 15, 54.06, 5.210481
07/26/2021 13:13:12, 11, 144.8, 15, 53.95, 4.790478
