Date/Time, Temperature A, Temperature B, Damper 
02/14/2018 11:25:56, 12.41408, 11.1751, 100
02/14/2018 12:25:58, 11.88071, 11.38344, 88.33334
02/14/2018 13:25:58, 11.95293, 11.61402, 30
02/14/2018 14:25:58, 11.96405, 11.79737, 30
02/14/2018 15:26:00, 12.05294, 11.91682, 30
02/14/2018 16:26:02, 12.1335, 12.06127, 30
02/14/2018 17:26:09, 12.12795, 12.17517, 30
02/14/2018 18:26:17, 12.18906, 12.27241, 30
02/14/2018 19:26:23, 12.3363, 12.39464, 30
02/14/2018 20:26:25, 12.44464, 12.47242, 30
02/14/2018 21:26:31, 12.51409, 12.59743, 30
02/14/2018 22:26:32, 12.56965, 12.70855, 30
02/14/2018 23:26:32, 12.6891, 12.79745, 30
02/15/2018 00:26:33, 12.76411, 12.90301, 30
02/15/2018 01:26:35, 12.89468, 13.11691, 30
02/15/2018 02:26:38, 12.95024, 13.16136, 30
02/15/2018 03:26:42, 13.03913, 13.29193, 30
02/15/2018 04:26:43, 13.11692, 13.36138, 30
02/15/2018 05:26:46, 13.24748, 13.48361, 30
02/15/2018 06:26:52, 13.38916, 13.65307, 30
02/15/2018 07:26:53, 13.44472, 13.70029, 30
02/15/2018 08:26:57, 13.60862, 13.85309, 30
02/15/2018 09:26:59, 13.70585, 13.92254, 30
02/15/2018 10:27:07, 13.86142, 14.09477, 30
02/15/2018 11:27:09, 13.97532, 14.21978, 30
02/15/2018 12:27:12, 14.10033, 14.3559, 30
02/15/2018 13:27:20, 14.22534, 14.42258, 70.83334
02/15/2018 14:27:23, 14.38368, 14.56981, 100
02/15/2018 15:27:31, 14.56148, 14.67815, 100
02/15/2018 16:27:34, 14.70315, 14.87261, 100
02/15/2018 17:27:39, 14.94484, 14.93651, 100
02/15/2018 18:27:39, 15.10597, 15.07263, 100
02/15/2018 19:27:45, 15.2782, 15.17264, 100
02/15/2018 20:27:46, 15.43655, 15.27264, 100
02/15/2018 21:27:47, 15.63934, 15.38932, 100
02/15/2018 22:27:53, 15.81436, 15.56433, 100
02/15/2018 23:27:59, 15.94492, 15.65601, 100
02/16/2018 00:28:05, 16.23661, 15.76157, 100
02/16/2018 01:28:10, 16.36718, 15.86991, 100
02/16/2018 02:28:15, 16.53663, 16.0227, 100
02/16/2018 03:28:21, 16.63108, 16.14215, 100
02/16/2018 04:28:27, 16.91166, 16.26717, 100
02/16/2018 05:28:33, 17.16168, 16.35884, 100
02/16/2018 06:28:38, 17.30892, 16.4783, 100
02/16/2018 07:28:43, 17.41726, 16.54775, 100
02/16/2018 08:28:47, 17.59505, 16.7311, 100
02/16/2018 09:28:50, 12.53076, 16.14771, 65
02/16/2018 10:28:51, 12.34463, 16.29495, 30
02/16/2018 11:28:55, 12.41408, 16.43663, 30
02/16/2018 12:28:56, 12.44464, 16.53108, 30
02/16/2018 13:29:01, 12.47242, 16.61164, 30
02/16/2018 14:29:05, 12.64188, 16.63942, 30
02/16/2018 15:29:11, 12.71966, 16.70609, 30
02/16/2018 16:29:12, 12.78078, 16.73387, 30
02/16/2018 17:29:21, 12.90579, 16.79221, 30
02/16/2018 18:29:26, 12.98635, 16.87277, 30
02/16/2018 19:29:30, 13.08636, 16.92, 30
02/16/2018 20:29:35, 13.16137, 16.99778, 30
02/16/2018 21:29:40, 13.27804, 17.03112, 30
02/16/2018 22:29:43, 13.35582, 17.09224, 30
02/16/2018 23:29:46, 13.52528, 17.12557, 30
02/17/2018 00:29:51, 13.55584, 17.2228, 30
02/17/2018 01:29:55, 13.67529, 17.32003, 30
02/17/2018 02:30:00, 13.78364, 17.38948, 30
02/17/2018 03:30:04, 13.85864, 17.46449, 30
02/17/2018 04:30:09, 13.9392, 17.44782, 30
02/17/2018 05:30:11, 14.01421, 17.56172, 30
02/17/2018 06:30:15, 14.13089, 17.59505, 30
02/17/2018 07:30:20, 14.23089, 17.70895, 30
02/17/2018 08:30:26, 14.35868, 17.7145, 30
02/17/2018 09:30:30, 14.45036, 17.83674, 30
02/17/2018 10:30:34, 14.55314, 17.87007, 30
02/17/2018 11:30:37, 14.62259, 17.92841, 30
02/17/2018 12:30:45, 14.80039, 18.00064, 30
02/17/2018 13:30:51, 14.85039, 18.02286, 30
02/17/2018 14:30:58, 14.93373, 18.0812, 30
02/17/2018 15:31:01, 14.98929, 18.14787, 30
02/17/2018 16:31:06, 15.08652, 18.27288, 30
02/17/2018 17:31:09, 15.26987, 18.37567, 30
02/17/2018 18:31:16, 15.31709, 18.38123, 30
02/17/2018 19:31:18, 15.42266, 18.42289, 30
02/17/2018 20:31:23, 15.48933, 18.50068, 30
02/17/2018 21:31:30, 15.56989, 18.5618, 30
02/17/2018 22:31:33, 15.64212, 18.64514, 30
02/17/2018 23:31:36, 15.74768, 18.68959, 30
02/18/2018 00:31:39, 15.8088, 18.7257, 30
02/18/2018 01:31:46, 15.89769, 18.77292, 30
02/18/2018 02:31:51, 16.00326, 18.83126, 30
02/18/2018 03:31:57, 16.11993, 18.87293, 30
02/18/2018 04:32:00, 16.19216, 18.96461, 30
02/18/2018 05:32:03, 16.27272, 18.98683, 30
02/18/2018 06:32:06, 16.31162, 19.07573, 30
02/18/2018 07:32:10, 16.4144, 19.12295, 30
02/18/2018 08:32:15, 16.57275, 19.25074, 30
02/18/2018 09:32:23, 16.66998, 19.27574, 30
02/18/2018 10:32:25, 16.71165, 19.31741, 30
02/18/2018 11:32:30, 16.85055, 19.38131, 30
02/18/2018 12:32:31, 16.93944, 19.42575, 30
02/18/2018 13:32:36, 17.03945, 19.54243, 30
02/18/2018 14:32:39, 17.13668, 19.59244, 30
02/18/2018 15:32:47, 17.2478, 19.66744, 30
02/18/2018 16:32:57, 17.34225, 19.71466, 30
02/18/2018 17:32:59, 17.33114, 19.73133, 30
02/18/2018 18:32:59, 17.47282, 19.82579, 30
02/18/2018 19:33:04, 17.55894, 19.87579, 30
02/18/2018 20:33:07, 17.65617, 19.92857, 30
02/18/2018 21:33:12, 17.74784, 20.0008, 30
02/18/2018 22:33:13, 17.81451, 20.05636, 30
02/18/2018 23:33:18, 17.90897, 20.06747, 30
02/19/2018 00:33:22, 17.97008, 20.17304, 30
02/19/2018 01:33:24, 18.06731, 20.21471, 30
02/19/2018 02:33:26, 18.09231, 20.23693, 30
02/19/2018 03:33:28, 18.17287, 20.29805, 30
02/19/2018 04:33:30, 18.27566, 20.38139, 30
02/19/2018 05:33:31, 18.35067, 20.42305, 30
02/19/2018 06:33:34, 18.44512, 20.45362, 30
02/19/2018 07:33:40, 18.49235, 20.58973, 30
02/19/2018 08:33:42, 18.64792, 20.6064, 30
02/19/2018 09:33:44, 18.68681, 20.63974, 30
02/19/2018 10:33:52, 18.83404, 20.70364, 30
02/19/2018 11:34:01, 18.91183, 20.77031, 30
02/19/2018 12:34:04, 19.03128, 20.84809, 30
02/19/2018 13:34:13, 19.1424, 20.88143, 30
02/19/2018 14:34:15, 19.16462, 20.99533, 30
02/19/2018 15:34:15, 19.32019, 21.00921, 30
02/19/2018 16:34:16, 19.40909, 21.06199, 30
02/19/2018 17:34:24, 19.32853, 21.08699, 30
02/19/2018 18:34:30, 19.42575, 21.14256, 30
02/19/2018 19:34:31, 19.50354, 21.15645, 30
02/19/2018 20:34:37, 19.57299, 21.20367, 30
02/19/2018 21:34:43, 19.61744, 21.26479, 30
02/19/2018 22:34:49, 19.698, 21.32313, 30
02/19/2018 23:34:57, 19.79523, 21.36202, 30
02/20/2018 00:35:03, 19.82857, 21.42036, 30
02/20/2018 01:35:12, 19.89524, 21.45925, 30
02/20/2018 02:35:14, 19.93691, 21.49814, 30
02/20/2018 03:35:23, 20.02302, 21.53703, 30
02/20/2018 04:35:26, 20.05358, 21.67871, 30
02/20/2018 05:35:34, 20.24527, 21.60649, 30
02/20/2018 06:35:43, 20.2536, 21.72038, 30
02/20/2018 07:35:50, 20.33416, 21.76761, 30
02/20/2018 08:35:57, 20.38416, 21.81206, 30
02/20/2018 09:36:04, 20.40083, 21.85651, 30
02/20/2018 10:36:13, 20.51473, 21.95373, 30
02/20/2018 11:36:14, 20.62029, 21.95651, 30
02/20/2018 12:36:16, 20.71197, 22.02041, 30
02/20/2018 13:36:19, 20.82864, 22.08152, 30
02/20/2018 14:36:26, 20.84254, 22.10652, 30
02/20/2018 15:36:29, 20.96755, 22.15375, 30
02/20/2018 16:36:34, 21.03144, 22.20098, 30
02/20/2018 17:36:36, 21.06755, 22.27043, 30
02/20/2018 18:36:39, 21.01755, 22.24265, 30
02/20/2018 19:36:43, 21.10089, 22.2871, 30
02/20/2018 20:36:48, 21.15923, 22.32044, 30
02/20/2018 21:36:54, 21.17034, 22.36487, 30
02/20/2018 22:36:59, 21.23701, 22.42599, 30
02/20/2018 23:37:02, 21.31479, 22.45099, 30
02/21/2018 00:37:05, 21.32591, 22.49267, 30
02/21/2018 01:37:12, 21.40647, 22.55934, 30
02/21/2018 02:37:19, 21.46203, 22.60656, 30
02/21/2018 03:37:26, 21.48981, 22.64267, 30
02/21/2018 04:37:31, 21.53981, 22.75936, 30
02/21/2018 05:37:34, 21.59815, 22.62045, 30
02/21/2018 06:37:39, 21.62315, 22.75658, 30
02/21/2018 07:37:40, 21.73427, 22.80936, 30
02/21/2018 08:37:41, 21.7815, 22.84547, 30
02/21/2018 09:37:41, 21.82039, 22.88714, 30
02/21/2018 10:37:45, 21.88151, 22.88714, 30
02/21/2018 11:37:49, 21.99263, 22.99271, 30
02/21/2018 12:37:53, 22.01763, 23.03993, 20.83333
02/21/2018 13:37:58, 22.01207, 23.07327, 20
02/21/2018 14:38:01, 22.07874, 23.12049, 20
02/21/2018 15:38:05, 22.10652, 23.11771, 20
02/21/2018 16:38:09, 22.17597, 23.19828, 14.16667
02/21/2018 17:38:12, 22.2232, 23.18717, 10
02/21/2018 18:38:14, 22.24542, 23.24273, 10
02/21/2018 19:38:15, 22.26765, 23.31495, 10
02/21/2018 20:38:24, 22.34821, 23.32051, 10
02/21/2018 21:38:28, 22.47044, 23.35107, 10
02/21/2018 22:38:33, 22.48711, 23.38719, 10
02/21/2018 23:38:38, 22.501, 23.42608, 10
02/22/2018 00:38:42, 22.50378, 23.45386, 10
02/22/2018 01:38:43, 22.55101, 23.49275, 10
02/22/2018 02:38:48, 22.58434, 23.62331, 10
02/22/2018 03:38:53, 22.62879, 23.5872, 10
02/22/2018 04:38:53, 22.68157, 23.63998, 10
02/22/2018 05:38:53, 22.74547, 23.73165, 10
02/22/2018 06:39:02, 22.7788, 23.74554, 10
02/22/2018 07:39:12, 22.79825, 23.76777, 10
02/22/2018 08:39:14, 22.83991, 23.85945, 10
02/22/2018 09:39:18, 22.8927, 23.87611, 10
02/22/2018 10:39:24, 23.01216, 23.93723, 10
02/22/2018 11:39:24, 23.08715, 23.90945, 10
02/22/2018 12:39:34, 23.1066, 24.05668, 10
02/22/2018 13:39:37, 23.2205, 24.00389, 10
02/22/2018 14:39:43, 23.18439, 24.12891, 10
02/22/2018 15:39:46, 23.28717, 24.14557, 10
02/22/2018 16:39:54, 23.24273, 24.17335, 10
02/22/2018 17:40:00, 23.32051, 24.17891, 10
02/22/2018 18:40:07, 23.27328, 24.23725, 10
02/22/2018 19:40:14, 23.3344, 24.27059, 10
02/22/2018 20:40:16, 23.38719, 24.32337, 10
02/22/2018 21:40:17, 23.42052, 24.34837, 10
02/22/2018 22:40:17, 23.43441, 24.40115, 10
02/22/2018 23:40:18, 23.45663, 24.39837, 10
02/23/2018 00:40:21, 23.51219, 24.42615, 10
02/23/2018 01:40:28, 23.52886, 24.47615, 10
02/23/2018 02:40:33, 23.57053, 24.52061, 10
02/23/2018 03:40:37, 23.63998, 24.65395, 10
02/23/2018 04:40:47, 23.60387, 24.67896, 10
02/23/2018 05:40:52, 23.6511, 24.66784, 10
02/23/2018 06:40:56, 23.7511, 24.72618, 10
02/23/2018 07:41:02, 23.72609, 24.73451, 10
02/23/2018 08:41:10, 23.78999, 24.77896, 17.5
02/23/2018 09:41:14, 23.79277, 24.7873, 20
02/23/2018 10:41:16, 23.86501, 24.94009, 20
02/23/2018 11:41:26, 23.85389, 24.9512, 20
02/23/2018 12:41:27, 23.91223, 24.99565, 20
02/23/2018 13:41:35, 23.98167, 25.03176, 20
02/23/2018 14:41:39, 24.02334, 25.09565, 9.5
02/23/2018 15:41:39, 24.05668, 25.13733, 9.272727
02/23/2018 16:41:40, 24.05946, 25.10676, 10
02/23/2018 16:55:28, 24.05668, 25.1401, 10
02/23/2018 17:55:36, 24.05668, 25.15955, 10
02/23/2018 18:55:46, 24.10669, 25.17344, 10
02/23/2018 19:55:54, 24.15946, 25.22345, 10
02/23/2018 20:56:01, 24.20669, 25.27899, 10
02/23/2018 21:56:09, 24.20669, 25.304, 10
02/23/2018 22:56:17, 24.25114, 25.37067, 10
02/23/2018 23:56:25, 24.17613, 25.40679, 10
02/24/2018 00:56:34, 24.22336, 25.48179, 10
02/24/2018 01:56:44, 24.30115, 25.45957, 10
02/24/2018 02:56:51, 24.28447, 25.53458, 10
02/24/2018 03:56:58, 24.33726, 25.52624, 10
02/24/2018 04:57:06, 24.35671, 25.65681, 10
02/24/2018 05:57:13, 24.48449, 25.60403, 10
02/24/2018 06:57:21, 24.43449, 25.70681, 10
02/24/2018 07:57:29, 24.48171, 25.74292, 10
02/24/2018 08:57:38, 24.51227, 25.74292, 10
02/24/2018 09:57:46, 24.54283, 25.79849, 10
02/24/2018 10:57:50, 24.61783, 25.87627, 10
02/24/2018 11:57:57, 24.70118, 25.91794, 10
02/24/2018 12:58:06, 24.77618, 25.96795, 10
02/24/2018 13:58:15, 24.73729, 25.9735, 10
02/24/2018 14:58:22, 24.77896, 25.96795, 10
02/24/2018 15:58:29, 24.8123, 26.09018, 10
02/24/2018 16:58:34, 24.79563, 26.10962, 10
02/24/2018 17:58:45, 24.79563, 26.12907, 10
02/24/2018 18:58:50, 24.82063, 26.21241, 10
02/24/2018 19:58:58, 24.87897, 26.19852, 10
02/24/2018 20:59:05, 24.87619, 26.24297, 10
02/24/2018 21:59:05, 24.90119, 26.28186, 10
02/24/2018 22:59:15, 24.95675, 26.36798, 10
02/24/2018 23:59:19, 24.96509, 26.3652, 10
02/25/2018 00:59:24, 25.01509, 26.40131, 10
02/25/2018 01:59:32, 24.99842, 26.48188, 10
02/25/2018 02:59:35, 25.03731, 26.49021, 10
02/25/2018 03:59:37, 25.03176, 26.55966, 10
02/25/2018 04:59:46, 25.08176, 26.59855, 10
02/25/2018 05:59:56, 25.13177, 26.63466, 10
02/25/2018 07:00:04, 25.15677, 26.62633, 10
02/25/2018 08:00:14, 25.16788, 26.67911, 10
02/25/2018 09:00:22, 25.16232, 26.70689, 10
02/25/2018 10:00:23, 25.22067, 26.73745, 10
02/25/2018 11:00:24, 25.29011, 26.81801, 10
02/25/2018 12:00:31, 25.27622, 26.87357, 10
02/25/2018 13:00:37, 25.31511, 26.90691, 10
02/25/2018 14:00:45, 25.37067, 26.94024, 10
02/25/2018 15:00:51, 25.34011, 26.99303, 10
02/25/2018 16:01:01, 25.44568, 27.01803, 10
02/25/2018 17:01:06, 25.41512, 27.07914, 10
02/25/2018 18:01:09, 25.42902, 27.12637, 10
02/25/2018 19:01:14, 25.47346, 27.1347, 10
02/25/2018 20:01:22, 25.52346, 27.18193, 10
02/25/2018 21:01:29, 25.52624, 27.19304, 10
02/25/2018 22:01:29, 25.51513, 27.24305, 10
02/25/2018 23:01:36, 25.5568, 27.27639, 10
02/26/2018 00:01:43, 25.55124, 27.32083, 10
02/26/2018 01:01:52, 25.59014, 27.36806, 10
02/26/2018 02:02:00, 25.61236, 27.39305, 10
02/26/2018 03:02:07, 25.67904, 27.4514, 10
02/26/2018 04:02:16, 25.62625, 27.47084, 10
02/26/2018 05:02:16, 25.63736, 27.49584, 10
02/26/2018 06:02:24, 25.68737, 27.52362, 10
02/26/2018 07:02:33, 25.69293, 27.64308, 10
02/26/2018 08:02:42, 25.70681, 27.61252, 10
02/26/2018 09:02:41, 25.72625, 27.62363, 10
02/26/2018 10:02:47, 25.84571, 27.71809, 10
02/26/2018 11:02:56, 25.88461, 27.75698, 10
02/26/2018 12:03:04, 25.9485, 27.82365, 10
02/26/2018 13:03:07, 25.93739, 27.87921, 10
02/26/2018 14:03:13, 25.97906, 27.89588, 10
02/26/2018 15:03:16, 25.98461, 27.95977, 10
02/26/2018 16:03:23, 26.04017, 28.02088, 10
02/26/2018 17:03:30, 26.06795, 28.02922, 10
02/26/2018 18:03:37, 26.03184, 28.13479, 10
02/26/2018 19:03:40, 26.03461, 28.02922, 10
02/26/2018 20:03:47, 26.05962, 28.14312, 10
02/26/2018 21:03:56, 26.11518, 28.16812, 10
02/26/2018 22:03:58, 26.12351, 28.23757, 10
02/26/2018 23:04:05, 26.16518, 28.28757, 10
02/27/2018 00:04:09, 26.17629, 28.34314, 10
02/27/2018 01:04:10, 26.19574, 28.33758, 10
02/27/2018 02:04:14, 26.19018, 28.37647, 10
02/27/2018 03:04:15, 26.24852, 28.39869, 10
02/27/2018 04:04:15, 26.2513, 28.43759, 10
02/27/2018 05:04:25, 26.30686, 28.48481, 10
02/27/2018 06:04:34, 26.29575, 28.48203, 10
02/27/2018 07:04:37, 26.4402, 28.62371, 10
02/27/2018 08:04:41, 25.79571, 28.61816, 10
02/27/2018 09:04:49, 25.14844, 28.66816, 10
02/27/2018 10:04:56, 25.12343, 28.72928, 10
02/27/2018 11:05:00, 25.06509, 28.70983, 10
02/27/2018 12:05:09, 25.15121, 28.8404, 10
02/27/2018 13:05:19, 25.17066, 28.88762, 13.33333
02/27/2018 14:05:25, 25.16788, 28.90707, 15
02/27/2018 15:05:27, 25.23178, 28.9793, 15
02/27/2018 16:05:28, 25.22622, 29.02652, 15
02/27/2018 17:05:38, 25.29011, 29.03208, 15
02/27/2018 18:05:40, 25.21233, 29.00985, 15
02/27/2018 19:05:40, 25.25955, 29.0682, 15
02/27/2018 20:05:44, 25.254, 29.16264, 15
02/27/2018 21:05:51, 25.32901, 29.12375, 15
02/27/2018 22:05:51, 25.35956, 29.22931, 15
02/27/2018 23:06:00, 25.31789, 29.2821, 15
02/28/2018 00:06:08, 25.33734, 29.29321, 15
02/28/2018 01:06:16, 25.33734, 29.34322, 15
02/28/2018 02:06:24, 25.34012, 29.39877, 15
02/28/2018 03:06:24, 25.44568, 29.41266, 15
02/28/2018 04:06:31, 25.48179, 29.421, 15
02/28/2018 05:06:39, 25.47346, 29.48767, 15
02/28/2018 06:06:47, 25.51513, 29.51822, 15
02/28/2018 07:06:55, 25.52624, 29.54323, 15
02/28/2018 08:07:03, 25.54569, 29.61546, 15
02/28/2018 09:07:04, 25.60958, 29.72936, 15
02/28/2018 10:07:13, 25.60125, 29.73492, 15
02/28/2018 11:07:13, 25.66514, 29.75158, 15
02/28/2018 12:07:21, 25.70681, 29.82381, 15
02/28/2018 13:07:28, 25.6707, 29.81825, 15
02/28/2018 14:07:32, 25.79293, 29.81825, 15
02/28/2018 15:07:36, 25.7846, 29.8627, 15
02/28/2018 16:07:44, 25.73459, 29.93493, 15
02/28/2018 17:07:46, 25.78737, 29.95715, 15
02/28/2018 18:07:51, 25.83738, 30.01549, 15
02/28/2018 19:07:55, 25.79293, 30.06271, 15
02/28/2018 20:08:03, 25.80126, 30.08216, 15
02/28/2018 21:08:12, 25.93183, 30.12938, 15
02/28/2018 22:08:14, 25.91794, 30.24328, 15
02/28/2018 23:08:21, 25.96239, 30.19051, 15
03/01/2018 00:08:26, 25.97072, 30.32663, 15
03/01/2018 01:08:30, 25.99294, 30.36552, 15
03/01/2018 02:08:36, 25.99017, 30.39886, 15
03/01/2018 03:08:43, 26.03739, 30.42385, 15
03/01/2018 04:08:46, 26.05962, 30.44886, 15
03/01/2018 05:08:50, 26.07907, 30.50441, 15
03/01/2018 06:08:57, 26.07351, 30.52109, 15
03/01/2018 07:09:04, 26.13185, 30.59054, 15
03/01/2018 08:09:12, 26.1374, 30.61832, 15
03/01/2018 09:09:15, 26.19296, 30.74888, 15
03/01/2018 10:09:21, 26.25408, 30.6961, 15
03/01/2018 11:09:26, 26.26241, 30.77666, 15
03/01/2018 12:09:33, 26.29575, 30.81, 15
03/01/2018 13:09:37, 26.30686, 30.84056, 15
03/01/2018 14:09:44, 26.31797, 30.90445, 15
03/01/2018 15:09:48, 26.3652, 30.94056, 15
03/01/2018 16:09:51, 26.36798, 30.96279, 15
03/01/2018 17:09:54, 26.39854, 30.99057, 15
03/01/2018 18:09:59, 26.37354, 31.01835, 15
03/01/2018 19:10:04, 26.43187, 31.07391, 15
03/01/2018 20:10:07, 26.43465, 31.09613, 15
03/01/2018 21:10:14, 26.49299, 31.15725, 15
03/01/2018 22:10:22, 26.52355, 31.20447, 15
03/01/2018 23:10:27, 26.51799, 31.19059, 15
03/02/2018 00:10:34, 26.56522, 31.24893, 15
03/02/2018 01:10:42, 26.5791, 31.26281, 15
03/02/2018 02:10:52, 26.61244, 31.27115, 15
03/02/2018 03:10:58, 26.61244, 31.40726, 15
03/02/2018 04:11:07, 26.63188, 31.40727, 15
03/02/2018 05:11:16, 26.62633, 31.47672, 15
03/02/2018 06:11:15, 26.69856, 31.52673, 15
03/02/2018 07:11:23, 26.74023, 31.54339, 15
03/02/2018 08:11:22, 26.74857, 31.60173, 15
03/02/2018 09:11:25, 26.71801, 31.57394, 15
03/02/2018 10:11:30, 26.82635, 31.61007, 15
03/02/2018 11:11:36, 26.83468, 31.65729, 15
03/02/2018 12:11:42, 26.86802, 31.79063, 15
03/02/2018 13:11:49, 26.9208, 31.84897, 15
03/02/2018 14:11:55, 26.93747, 31.79063, 15
03/02/2018 15:12:01, 26.9458, 31.87675, 15
03/02/2018 16:12:06, 26.95691, 31.9212, 15
03/02/2018 17:12:12, 26.99858, 31.96565, 15.90909
03/02/2018 18:12:17, 26.92635, 31.91842, 20
03/02/2018 19:12:22, 26.94302, 32.05176, 20
03/02/2018 20:12:27, 26.99025, 32.10177, 20
03/02/2018 21:12:36, 26.9847, 32.11288, 20
03/02/2018 22:12:41, 27.04303, 32.17122, 20
03/02/2018 23:12:50, 27.04025, 32.21845, 20
03/03/2018 00:12:56, 27.11803, 32.21845, 20
03/03/2018 01:13:02, 27.11526, 32.23789, 20
03/03/2018 02:13:07, 27.14026, 32.29067, 20
03/03/2018 03:13:11, 27.11525, 32.34623, 20
03/03/2018 04:13:15, 27.16249, 32.37124, 20
03/03/2018 05:13:22, 27.21804, 32.42957, 20
03/03/2018 06:13:28, 27.22082, 32.43513, 20
03/03/2018 07:13:32, 27.26805, 32.44068, 20
03/03/2018 08:13:36, 27.32361, 32.49625, 20
03/03/2018 09:13:45, 27.37639, 32.54903, 20
03/03/2018 10:13:52, 27.37917, 32.66015, 20
03/03/2018 11:13:57, 27.4514, 32.66848, 20
03/03/2018 12:14:02, 27.4764, 32.67404, 20
03/03/2018 13:14:08, 27.53196, 32.78238, 20
03/03/2018 14:14:11, 27.53473, 32.73238, 20
03/03/2018 15:14:17, 27.60696, 32.84628, 20
03/03/2018 16:14:23, 27.52918, 32.80183, 20
03/03/2018 17:14:27, 27.56807, 32.88239, 20
03/03/2018 18:14:32, 27.59029, 32.94906, 20
03/03/2018 19:14:38, 27.63474, 33.10185, 20
03/03/2018 20:14:42, 27.5514, 33.11296, 20
03/03/2018 21:14:46, 27.64308, 33.19907, 20
03/03/2018 22:14:50, 27.64586, 33.26298, 20
03/03/2018 23:14:55, 27.64308, 33.33798, 20
03/04/2018 00:15:01, 27.69308, 33.40465, 20
03/04/2018 01:15:08, 27.69308, 33.46577, 20
03/04/2018 02:15:12, 27.74586, 33.56578, 20
03/04/2018 03:15:18, 27.77365, 33.59077, 20
03/04/2018 04:15:24, 27.76531, 33.73246, 20
03/04/2018 05:15:29, 27.82365, 33.7269, 20
03/04/2018 06:15:33, 27.81253, 33.77135, 20
03/04/2018 07:15:40, 27.82087, 33.83802, 20
03/04/2018 08:15:44, 27.93477, 34.02692, 20
03/04/2018 09:15:48, 27.93199, 34.05192, 20
03/04/2018 10:15:55, 27.98199, 34.06859, 20
03/04/2018 11:16:00, 28.082, 34.27139, 20
03/04/2018 12:16:04, 28.09867, 34.27694, 20
03/04/2018 13:16:10, 28.05145, 34.37695, 20
03/04/2018 14:16:15, 28.09034, 34.46029, 20
03/04/2018 15:16:19, 28.11534, 34.62697, 20
03/04/2018 16:16:23, 28.10423, 34.65753, 20
03/04/2018 17:16:31, 28.15979, 34.72698, 20
03/04/2018 18:16:38, 28.13201, 34.84921, 20
03/04/2018 19:16:43, 28.1709, 34.79642, 20
03/04/2018 20:16:49, 28.18201, 34.98533, 20
03/04/2018 21:16:54, 28.2209, 35.05479, 20
03/04/2018 22:17:00, 28.21812, 35.16868, 20
03/04/2018 23:17:06, 28.27646, 35.26035, 20
03/05/2018 00:17:11, 28.27369, 35.28814, 20
03/05/2018 01:17:17, 28.31536, 35.37147, 20
03/05/2018 02:17:24, 28.32369, 35.56038, 20
03/05/2018 03:17:30, 28.34592, 35.56594, 20
03/05/2018 04:17:35, 28.3348, 35.65205, 20
03/05/2018 05:17:41, 28.38758, 35.76318, 20
03/05/2018 06:17:46, 28.45425, 35.82985, 20
03/05/2018 07:17:53, 28.44592, 35.90763, 20
03/05/2018 08:17:57, 28.45425, 36.06597, 20
03/05/2018 09:18:02, 28.45703, 36.14376, 20
03/05/2018 10:18:09, 28.55148, 36.24932, 20
03/05/2018 11:18:12, 28.6265, 36.36877, 20
03/05/2018 12:18:17, 28.67927, 36.366, 20
03/05/2018 13:18:23, 28.65705, 36.42434, 20
03/05/2018 14:18:29, 28.65149, 36.43545, 20
03/05/2018 15:18:36, 28.73206, 36.491, 20
03/05/2018 16:18:41, 28.65704, 36.5299, 20
03/05/2018 17:18:49, 28.66816, 36.57713, 20
03/05/2018 18:18:52, 28.69872, 36.57157, 20
03/05/2018 19:18:53, 28.70427, 36.57435, 20
03/05/2018 20:18:59, 28.77095, 36.62157, 20
03/05/2018 21:19:06, 28.7515, 36.66047, 20
03/05/2018 22:19:14, 28.77929, 36.65213, 20
03/05/2018 23:19:21, 28.77651, 36.66602, 20
03/06/2018 00:19:30, 28.83207, 36.71047, 20
03/06/2018 01:19:29, 28.83484, 36.76603, 20
03/06/2018 02:19:39, 28.8904, 36.78826, 20
03/06/2018 03:19:47, 28.88762, 36.77714, 20
03/06/2018 04:19:57, 28.92096, 36.78825, 20
03/06/2018 05:20:06, 28.90985, 36.8327, 20
03/06/2018 06:20:15, 28.96819, 36.83826, 20
03/06/2018 07:20:24, 28.95707, 36.88271, 20
03/06/2018 08:20:28, 28.99597, 36.88271, 85.45454
03/06/2018 09:20:33, 28.99597, 36.89382, 100
03/06/2018 10:20:36, 29.09597, 36.9966, 100
03/06/2018 11:20:45, 29.09597, 37.07439, 100
03/06/2018 12:20:50, 29.14875, 37.00216, 100
03/06/2018 13:20:55, 29.12653, 37.1105, 100
03/06/2018 14:21:04, 29.15986, 37.03828, 100
03/06/2018 15:21:07, 29.18209, 37.15218, 100
03/06/2018 16:21:13, 29.2321, 37.20218, 93.33334
03/06/2018 17:21:20, 29.22654, 37.27163, 20
03/06/2018 18:21:26, 29.18765, 37.24662, 20
03/06/2018 19:21:36, 29.13764, 37.21885, 20
03/06/2018 20:21:39, 29.21265, 37.26607, 20
03/06/2018 21:21:41, 29.20987, 37.27441, 20
03/06/2018 22:21:42, 29.26821, 37.32996, 20
03/06/2018 23:21:44, 29.23487, 37.30774, 20
03/07/2018 00:21:45, 29.29599, 37.34385, 20
03/07/2018 01:21:49, 29.27099, 37.40497, 20
03/07/2018 02:21:53, 29.34044, 37.39941, 20
03/07/2018 03:21:57, 29.3321, 37.42719, 20
03/07/2018 04:22:01, 29.33766, 37.42441, 20
03/07/2018 05:22:05, 29.37655, 37.46609, 20
03/07/2018 06:22:10, 29.38766, 37.48275, 20
03/07/2018 07:22:14, 29.40433, 37.52164, 20
03/07/2018 08:22:19, 29.421, 37.56054, 20
03/07/2018 09:22:23, 29.47656, 37.56332, 20
03/07/2018 10:22:27, 29.50989, 37.64943, 20
03/07/2018 11:22:32, 29.60157, 37.63832, 20
03/07/2018 12:22:38, 29.57934, 37.72166, 20
03/07/2018 13:22:43, 29.63491, 37.76889, 20
03/07/2018 14:22:46, 29.64602, 37.76611, 20
03/07/2018 15:22:52, 29.64046, 37.79945, 20
03/07/2018 16:22:59, 29.63491, 37.79111, 20
03/07/2018 17:23:02, 29.62379, 37.84389, 20
03/07/2018 18:23:08, 29.67936, 37.78556, 20
03/07/2018 19:23:11, 29.71825, 37.81056, 20
03/07/2018 20:23:19, 29.72658, 37.85778, 20
03/07/2018 21:23:25, 29.73214, 37.86334, 20
03/07/2018 22:23:28, 29.74603, 37.96335, 20
03/07/2018 23:23:33, 29.68491, 37.93002, 20
03/08/2018 00:23:41, 29.7377, 37.90501, 20
03/08/2018 01:23:45, 29.80158, 37.9439, 20
03/08/2018 02:23:51, 29.79325, 38.01891, 20
03/08/2018 03:23:56, 29.84603, 37.96335, 20
03/08/2018 04:24:00, 29.8627, 37.96613, 20
03/08/2018 05:24:04, 29.84881, 38.01891, 20
03/08/2018 06:24:09, 29.88215, 38.10781, 20
03/08/2018 07:24:13, 29.88215, 38.16892, 20
03/08/2018 08:24:21, 29.94604, 38.15781, 20
03/08/2018 09:24:24, 29.90159, 38.16336, 20
03/08/2018 10:24:32, 29.97104, 38.19948, 20
03/08/2018 11:24:38, 30.02937, 38.21615, 20
03/08/2018 12:24:40, 30.09328, 38.28281, 20
03/08/2018 13:24:43, 30.00715, 38.22726, 20
03/08/2018 14:24:47, 30.03493, 38.2606, 20
03/08/2018 15:24:51, 30.02382, 38.30505, 20
03/08/2018 16:24:58, 30.08216, 38.30227, 20
03/08/2018 17:25:02, 30.07939, 38.29393, 20
03/08/2018 18:25:10, 30.11828, 38.35505, 20
03/08/2018 19:25:17, 30.12661, 38.34671, 20
03/08/2018 20:25:24, 30.12661, 38.4884, 20
03/08/2018 21:25:27, 30.18773, 38.4884, 20
03/08/2018 22:25:32, 30.17106, 38.49395, 20
03/08/2018 23:25:35, 30.19884, 38.50228, 20
03/09/2018 00:25:44, 30.20995, 38.50784, 20
03/09/2018 01:25:48, 30.2044, 38.56339, 20
03/09/2018 02:25:55, 30.25718, 38.5495, 20
03/09/2018 03:26:00, 30.25162, 38.61062, 20
03/09/2018 04:26:03, 30.25718, 38.60785, 20
03/09/2018 05:26:12, 30.31551, 38.55506, 20
03/09/2018 06:26:20, 30.30162, 38.56339, 20
03/09/2018 07:26:26, 30.30996, 38.55228, 20
03/09/2018 08:26:33, 30.3433, 38.68563, 20
03/09/2018 09:26:40, 30.33774, 38.69119, 20
03/09/2018 10:26:45, 30.34607, 38.7023, 20
03/09/2018 11:26:49, 30.40997, 38.68008, 20
03/09/2018 12:26:53, 30.37941, 38.79953, 20
03/09/2018 13:26:59, 30.44886, 38.82453, 20
03/09/2018 14:27:04, 30.45719, 38.83564, 20
03/09/2018 15:27:11, 30.52386, 38.84953, 20
03/09/2018 16:27:19, 30.50164, 38.84676, 20
03/09/2018 17:27:22, 30.45997, 38.87453, 20
03/09/2018 18:27:31, 30.4433, 38.86343, 20
03/09/2018 19:27:37, 30.46552, 38.86065, 20
03/09/2018 20:27:43, 30.49053, 38.87453, 20
03/09/2018 21:27:50, 30.52386, 38.88009, 20
03/09/2018 22:27:58, 30.54331, 38.88842, 20
03/09/2018 23:27:59, 30.44053, 38.93009, 20
03/10/2018 00:28:06, 30.56831, 38.93565, 20
03/10/2018 01:28:12, 30.47942, 38.9551, 20
03/10/2018 02:28:17, 30.55721, 38.95232, 20
03/10/2018 03:28:25, 30.6461, 39.00232, 20
03/10/2018 04:28:32, 30.6211, 38.99676, 20
03/10/2018 05:28:40, 30.65998, 39.01343, 20
03/10/2018 06:28:46, 30.65443, 39.03844, 20
03/10/2018 07:28:52, 30.6711, 39.03566, 20
03/10/2018 08:28:58, 30.66832, 39.09122, 20
03/10/2018 09:29:04, 30.69609, 39.09678, 20
03/10/2018 10:29:11, 30.83223, 39.14122, 20
03/10/2018 11:29:18, 30.77388, 39.17456, 20
03/10/2018 12:29:25, 30.76278, 39.17734, 20
03/10/2018 13:29:31, 30.76555, 39.23845, 20
03/10/2018 14:29:36, 30.77388, 39.30234, 20
03/10/2018 15:29:42, 30.89611, 39.29679, 20
03/10/2018 16:29:50, 30.88223, 39.32179, 20
03/10/2018 17:29:58, 30.86834, 39.23567, 20
03/10/2018 18:30:05, 30.81833, 39.32735, 20
03/10/2018 19:30:14, 30.86556, 39.33013, 20
03/10/2018 20:30:17, 30.82111, 39.31902, 20
03/10/2018 21:30:25, 30.87945, 39.32457, 20
03/10/2018 22:30:32, 30.87111, 39.33846, 20
03/10/2018 23:30:38, 30.90445, 39.34402, 20
03/11/2018 00:30:44, 30.90167, 39.4329, 20
03/11/2018 01:30:50, 30.88778, 39.45235, 20
03/11/2018 03:30:54, 30.94056, 39.46069, 20
03/11/2018 04:31:01, 30.93778, 39.45514, 20
03/11/2018 05:31:08, 30.98779, 39.46902, 20
03/11/2018 06:31:15, 30.99891, 39.47736, 20
03/11/2018 07:31:21, 30.99613, 39.48291, 20
03/11/2018 08:31:29, 31.00724, 39.53292, 20
03/11/2018 09:31:34, 30.99612, 39.53848, 20
03/11/2018 10:31:44, 31.04335, 39.5107, 20
03/11/2018 11:31:51, 31.1128, 39.59126, 20
03/11/2018 12:31:56, 31.21003, 39.63293, 20
03/11/2018 13:32:01, 31.2017, 39.68848, 20
03/11/2018 14:32:05, 31.26004, 39.6996, 20
03/11/2018 15:32:09, 31.26281, 39.67737, 20
03/11/2018 16:32:16, 31.29338, 39.72182, 20
03/11/2018 17:32:23, 31.28782, 39.80239, 20
03/11/2018 18:32:29, 31.27393, 39.7496, 20
03/11/2018 19:32:36, 31.2267, 39.74127, 20
03/11/2018 20:32:40, 31.26837, 39.76072, 20
03/11/2018 21:32:46, 31.27671, 39.74961, 20
03/11/2018 22:32:52, 31.32393, 39.71349, 20
03/11/2018 23:32:57, 31.22392, 39.81072, 20
03/12/2018 00:33:06, 31.29893, 39.85794, 20
03/12/2018 01:33:14, 31.29615, 39.76072, 20
03/12/2018 02:33:22, 31.30449, 39.88294, 20
03/12/2018 03:33:27, 31.34337, 39.88572, 20
03/12/2018 04:33:31, 31.33782, 39.85794, 20
03/12/2018 05:33:35, 31.39338, 39.84128, 20
03/12/2018 06:33:41, 31.38782, 39.8385, 20
03/12/2018 07:33:45, 31.45172, 39.91072, 20
03/12/2018 08:33:50, 31.43505, 39.94406, 53.33333
03/12/2018 09:33:59, 31.42671, 39.94962, 100
03/12/2018 10:34:08, 31.51839, 39.96629, 100
03/12/2018 11:34:11, 31.59339, 40.07463, 100
03/12/2018 12:34:14, 31.58784, 40.06352, 100
03/12/2018 13:34:17, 31.58784, 40.12741, 100
03/12/2018 14:34:22, 14.20589, 12.3113, 100
03/12/2018 15:34:25, 16.28661, 12.31685, 100
03/12/2018 16:34:24, 22.57878, 16.24217, 100
03/12/2018 17:34:30, 13.66141, 11.45567, 26.66667
03/12/2018 18:34:40, 7.547026, 6.152471, 20
03/12/2018 19:34:46, 4.424555, 3.84673, 20
03/12/2018 20:34:53, 3.549483, 3.182788, 20
03/12/2018 21:35:00, 2.952216, 2.718861, 20
03/12/2018 22:35:08, 2.649411, 2.324386, 20
03/12/2018 23:35:13, 2.243824, 1.946579, 20
03/13/2018 00:35:20, 1.610439, 1.252077, 20
03/13/2018 01:35:26, 1.065952, 0.5964699, 20
03/13/2018 02:35:34, 0.7437042, 0.5492428, 20
03/13/2018 03:35:41, 0.3520054, 0.03809204, 20
03/13/2018 05:54:08, 0.01031227, -0.2285965, 0
03/13/2018 06:57:39, 0.01031227, -0.2758225, 10
03/13/2018 07:57:48, 0.5659111, 0.1214317, 40
03/13/2018 08:57:52, 2.188263, 1.543767, 100
03/13/2018 09:58:01, 4.049524, 3.177231, 100
03/13/2018 10:58:06, 11.21121, 11.75014, 100
03/13/2018 11:58:10, 9.849989, 13.78086, 100
03/13/2018 12:58:17, 11.27232, 11.51123, 100
03/13/2018 13:58:22, 12.56409, 12.59743, 100
03/13/2018 14:58:29, 25.09288, 14.80038, 100
03/13/2018 15:58:29, 33.10185, 34.51862, 26.66667
03/13/2018 16:58:37, 33.38798, 35.28536, 20
03/13/2018 17:58:44, 33.51855, 35.66039, 20
03/13/2018 18:58:49, 33.69078, 35.97153, 20
03/13/2018 19:58:56, 33.81857, 36.24932, 20
03/13/2018 20:59:03, 33.94636, 36.46601, 20
03/13/2018 21:59:10, 34.0547, 36.57435, 20
03/13/2018 22:59:16, 34.15471, 36.79103, 20
03/13/2018 23:59:26, 34.40195, 36.86326, 20
03/14/2018 00:59:30, 34.59363, 36.94382, 20
03/14/2018 01:59:37, 34.77976, 37.00771, 20
03/14/2018 02:59:45, 35.06312, 37.11606, 20
03/14/2018 03:59:50, 35.30481, 37.12162, 20
03/14/2018 04:59:54, 35.59927, 37.30497, 20
03/14/2018 05:59:57, 35.99375, 37.24662, 20
03/14/2018 07:00:02, 36.19932, 37.38274, 20
03/14/2018 08:00:07, 36.46601, 37.37997, 20
03/14/2018 09:00:11, 36.84104, 37.51053, 20
03/14/2018 10:00:17, 37.10773, 37.56332, 46.66667
03/14/2018 11:00:27, 37.51887, 37.58554, 60
03/14/2018 12:00:35, 38.04113, 37.64943, 60
03/14/2018 13:00:42, 38.56618, 37.67165, 60
03/14/2018 14:00:50, 39.13845, 37.69666, 60
03/14/2018 15:00:58, 39.77738, 37.83279, 60
03/14/2018 16:01:04, 40.53856, 37.8939, 60
03/14/2018 17:01:07, 41.24417, 37.90779, 60
03/14/2018 18:01:09, 41.96367, 37.96057, 60
03/14/2018 19:01:11, 42.66095, 38.0078, 60
03/14/2018 20:01:13, 43.22766, 38.02724, 60
03/14/2018 21:01:16, 43.90271, 38.05503, 60
03/14/2018 22:01:26, 44.50832, 38.04113, 60
03/14/2018 23:01:30, 45.07503, 38.14669, 60
03/15/2018 00:01:29, 45.57229, 38.17448, 60
03/15/2018 01:01:30, 45.97232, 38.21893, 60
03/15/2018 02:01:32, 46.33624, 38.20504, 60
03/15/2018 03:01:33, 46.4668, 38.26893, 60
03/15/2018 04:01:34, 46.80017, 38.30782, 60
03/15/2018 05:01:36, 46.90851, 38.32449, 60
03/15/2018 06:01:39, 47.09464, 38.40228, 60
03/15/2018 07:01:39, 47.21964, 38.43839, 60
03/15/2018 08:01:41, 47.48355, 38.4884, 60
03/15/2018 09:01:42, 47.55856, 38.59951, 60
03/15/2018 10:01:49, 47.75857, 38.74674, 60
03/15/2018 11:01:49, 47.84747, 38.92454, 60
03/15/2018 12:01:56, 48.0336, 38.94676, 60
03/15/2018 13:02:03, 48.06693, 39.02732, 60
03/15/2018 14:02:07, 48.23917, 39.02176, 60
03/15/2018 15:02:13, 48.31696, 39.15511, 60
03/15/2018 16:02:18, 48.37807, 39.22178, 60
03/15/2018 17:02:24, 48.46419, 39.269, 60
03/15/2018 18:02:31, 48.55587, 39.28846, 60
03/15/2018 19:02:37, 48.60864, 39.31624, 60
03/15/2018 20:02:41, 48.70587, 39.31902, 60
03/15/2018 21:02:46, 48.72254, 39.37735, 60
03/15/2018 22:02:52, 48.86144, 39.46069, 60
03/15/2018 23:02:56, 48.91145, 39.5607, 60
03/16/2018 00:03:05, 49.0059, 39.61349, 60
03/16/2018 01:03:07, 49.08646, 39.79405, 60
03/16/2018 02:03:12, 49.13091, 39.90517, 60
03/16/2018 03:03:14, 49.35037, 40.10519, 60
03/16/2018 04:03:16, 49.37815, 40.20797, 60
03/16/2018 05:03:20, 49.43927, 40.41632, 60
03/16/2018 06:03:24, 49.50872, 40.583, 60
03/16/2018 07:03:31, 49.57816, 40.71079, 60
03/16/2018 08:03:34, 49.7004, 40.93025, 60
03/16/2018 09:03:35, 49.71152, 41.09415, 60
03/16/2018 10:03:40, 49.85596, 41.31639, 60
03/16/2018 11:03:42, 49.97263, 41.44973, 60
03/16/2018 12:03:45, 50.02542, 41.71365, 60
03/16/2018 13:03:45, 50.08932, 41.86089, 60
03/16/2018 14:03:53, 50.21711, 41.98034, 60
03/16/2018 15:03:59, 50.28933, 42.22202, 60
03/16/2018 16:04:09, 50.35601, 42.46093, 60
03/16/2018 17:04:16, 50.44769, 42.58594, 60
03/16/2018 18:04:18, 50.47546, 42.81095, 60
03/16/2018 19:04:21, 50.6088, 42.91653, 60
03/16/2018 20:04:20, 50.71993, 43.17487, 60
03/16/2018 21:04:22, 50.8005, 43.30822, 60
03/16/2018 22:04:26, 50.84771, 43.56657, 60
03/16/2018 23:04:30, 50.90049, 43.74992, 60
03/17/2018 00:04:33, 50.97272, 43.92215, 60
03/17/2018 01:04:33, 51.04773, 44.10828, 60
03/17/2018 02:04:37, 51.14774, 44.33331, 60
03/17/2018 03:04:42, 51.2422, 44.51665, 60
03/17/2018 04:04:45, 51.3672, 44.69723, 60
03/17/2018 05:04:53, 51.39776, 44.95002, 60
03/17/2018 06:04:58, 51.54777, 45.12226, 60
03/17/2018 07:05:01, 51.62556, 45.34449, 60
03/17/2018 08:05:05, 51.73945, 45.52506, 60
03/17/2018 09:05:08, 51.73945, 45.65564, 60
03/17/2018 10:05:12, 51.85613, 45.91121, 60
03/17/2018 11:05:16, 51.99225, 46.12511, 60
03/17/2018 12:05:20, 52.13393, 46.2779, 60
03/17/2018 13:05:22, 52.22282, 46.54182, 60
03/17/2018 14:05:22, 52.32005, 46.65015, 60
03/17/2018 15:05:25, 52.36172, 46.81683, 60
03/17/2018 16:05:28, 52.43395, 47.06686, 60
03/17/2018 17:05:34, 52.49229, 47.22798, 60
03/17/2018 18:05:39, 52.63953, 47.36688, 60
03/17/2018 19:05:40, 52.72286, 47.52245, 60
03/17/2018 20:05:46, 52.81731, 47.63357, 60
03/17/2018 21:05:52, 52.79787, 47.78358, 60
03/17/2018 22:05:58, 52.91732, 48.05304, 60
03/17/2018 23:06:04, 53.01733, 48.1975, 60
03/18/2018 00:06:09, 53.14233, 48.3364, 60
03/18/2018 01:06:11, 53.23957, 48.49475, 60
03/18/2018 02:06:15, 53.31736, 48.66143, 60
03/18/2018 03:06:18, 53.40625, 48.85311, 60
03/18/2018 04:06:25, 53.48682, 49.02813, 60
03/18/2018 05:06:29, 53.57848, 49.15035, 60
03/18/2018 06:06:33, 53.65627, 49.35315, 60
03/18/2018 07:06:37, 53.73684, 49.56427, 60
03/18/2018 08:06:42, 53.80906, 49.68373, 60
03/18/2018 09:06:46, 53.92296, 49.95597, 60
03/18/2018 10:06:53, 54.00352, 50.13932, 60
03/18/2018 11:06:56, 54.07297, 50.25599, 60
03/18/2018 12:07:00, 54.25076, 50.58381, 60
03/18/2018 13:07:09, 54.29799, 50.75604, 60
03/18/2018 14:07:18, 54.38411, 50.95883, 60
03/18/2018 15:07:27, 54.48689, 51.12273, 60
03/18/2018 16:07:33, 54.53134, 51.23107, 60
03/18/2018 17:07:34, 54.63135, 51.5061, 60
03/18/2018 18:07:43, 54.71746, 51.59777, 60
03/18/2018 19:07:44, 54.85915, 51.82835, 60
03/18/2018 20:07:54, 54.89804, 52.02558, 60
03/18/2018 21:08:02, 54.99249, 52.15615, 60
03/18/2018 22:08:10, 55.08416, 52.31172, 60
03/18/2018 23:08:10, 55.13139, 52.57285, 60
03/19/2018 00:08:18, 55.1925, 52.72564, 60
03/19/2018 01:08:17, 55.2953, 52.90621, 60
03/19/2018 02:08:25, 55.33697, 53.159, 60
03/19/2018 03:08:33, 55.42864, 53.38958, 60
03/19/2018 04:08:41, 55.47031, 53.58127, 60
03/19/2018 05:08:48, 55.65643, 53.76739, 60
03/19/2018 06:08:55, 55.71477, 53.95074, 60
03/19/2018 07:09:04, 55.78699, 54.13686, 60
03/19/2018 08:09:12, 55.86756, 54.398, 60
03/19/2018 09:09:20, 55.90367, 54.5369, 60
03/19/2018 10:09:26, 56.04257, 54.81192, 60
03/19/2018 11:09:34, 56.09535, 54.98138, 60
03/19/2018 12:09:35, 56.19259, 55.22584, 60
03/19/2018 13:09:39, 56.23148, 55.37585, 60
03/19/2018 14:09:49, 56.39538, 55.64532, 60
03/19/2018 15:09:48, 56.4315, 55.81199, 60
03/19/2018 16:09:55, 56.50094, 56.06202, 93.33334
03/19/2018 17:10:03, 56.56206, 56.24815, 100
03/19/2018 18:10:09, 56.55651, 56.40927, 100
03/19/2018 19:10:16, 56.68707, 56.58428, 100
03/19/2018 20:10:20, 56.74819, 56.78708, 100
03/19/2018 21:10:22, 56.82875, 57.10377, 100
03/19/2018 22:10:27, 56.87042, 57.29545, 100
03/19/2018 23:10:32, 56.83709, 57.48159, 100
03/20/2018 00:10:37, 56.92042, 57.76216, 100
03/20/2018 01:10:45, 57.02044, 57.99828, 100
03/20/2018 02:10:50, 57.126, 58.30943, 100
03/20/2018 03:10:49, 57.18433, 58.50944, 100
03/20/2018 04:10:51, 57.23434, 58.81501, 100
03/20/2018 05:10:57, 57.30101, 59.04837, 100
03/20/2018 06:11:05, 57.31212, 59.32617, 100
03/20/2018 07:11:12, 57.36491, 59.54285, 100
03/20/2018 08:11:21, 57.5038, 59.76509, 100
03/20/2018 09:11:24, 57.51213, 60.02067, 100
03/20/2018 10:11:32, 57.5677, 60.32902, 100
03/20/2018 11:11:40, 57.64548, 60.55682, 100
03/20/2018 12:11:41, 57.67881, 60.89852, 100
03/20/2018 13:11:50, 57.76216, 61.20688, 100
03/20/2018 14:11:51, 57.77883, 61.41523, 100
03/20/2018 15:12:00, 57.83438, 61.6208, 100
03/20/2018 16:12:08, 57.78439, 61.92082, 100
03/20/2018 17:12:14, 57.89827, 62.11805, 100
03/20/2018 18:12:14, 57.95662, 62.33196, 100
03/20/2018 19:12:21, 57.95106, 62.41253, 100
03/20/2018 20:12:24, 58.0094, 62.69311, 100
03/20/2018 21:12:23, 58.09552, 62.82089, 100
03/20/2018 22:12:24, 58.13163, 63.02369, 100
03/20/2018 23:12:32, 58.17052, 63.14037, 100
03/21/2018 00:12:39, 58.23164, 63.4015, 100
03/21/2018 01:12:47, 58.2872, 63.52929, 100
03/21/2018 02:12:53, 58.29554, 63.70985, 100
03/21/2018 03:13:00, 58.41221, 63.96542, 100
03/21/2018 04:13:06, 58.43165, 64.07377, 100
03/21/2018 05:13:10, 58.47333, 64.33212, 100
03/21/2018 06:13:14, 58.51777, 64.47935, 100
03/21/2018 07:13:17, 58.58722, 64.62103, 100
03/21/2018 08:13:19, 58.57889, 64.7655, 100
03/21/2018 09:13:24, 58.68446, 65.03495, 100
03/21/2018 10:13:31, 58.69279, 65.17108, 100
03/21/2018 11:13:35, 58.78724, 65.36276, 100
03/21/2018 12:13:41, 58.77335, 65.49888, 100
03/21/2018 13:13:47, 58.82057, 65.69057, 100
03/21/2018 14:13:56, 58.81223, 65.96836, 100
03/21/2018 15:13:59, 58.8039, 66.07394, 100
03/21/2018 16:14:07, 58.83446, 66.23228, 100
03/21/2018 17:14:16, 58.88725, 66.3545, 100
03/21/2018 18:14:23, 58.93725, 66.36283, 100
03/21/2018 19:14:29, 59.00947, 66.47118, 100
03/21/2018 20:14:35, 59.0317, 66.58508, 100
03/21/2018 21:14:36, 59.05115, 66.66009, 100
03/21/2018 22:14:39, 59.08448, 66.82122, 100
03/21/2018 23:14:45, 59.16505, 66.91566, 100
03/22/2018 00:14:50, 59.22894, 67.01568, 100
03/22/2018 01:14:50, 59.29005, 67.07956, 100
03/22/2018 02:14:59, 59.3484, 67.14346, 100
03/22/2018 03:15:04, 59.37339, 67.2157, 100
03/22/2018 04:15:08, 59.3484, 67.32404, 100
03/22/2018 05:15:13, 59.36784, 67.45182, 100
03/22/2018 06:15:21, 59.42618, 67.58794, 100
03/22/2018 07:15:29, 59.47895, 67.64905, 100
03/22/2018 08:15:34, 59.62619, 67.7324, 100
03/22/2018 09:15:36, 59.65398, 67.7824, 100
03/22/2018 10:15:38, 59.70398, 67.94075, 100
03/22/2018 11:15:45, 59.7262, 68.04632, 100
03/22/2018 12:15:51, 59.83177, 68.07965, 100
03/22/2018 13:15:59, 59.79288, 68.12132, 100
03/22/2018 14:16:07, 59.8651, 68.21021, 100
03/22/2018 15:16:08, 59.92622, 68.28522, 100
03/22/2018 16:16:12, 59.94288, 68.31578, 100
03/22/2018 17:16:17, 59.99012, 68.39356, 100
03/22/2018 18:16:27, 60.04012, 68.44635, 100
03/22/2018 19:16:36, 60.08178, 68.6158, 100
03/22/2018 20:16:39, 60.12901, 68.64358, 100
03/22/2018 21:16:45, 60.11512, 68.73525, 100
03/22/2018 22:16:50, 60.17345, 68.68247, 100
03/22/2018 23:16:51, 60.17902, 68.76025, 100
03/23/2018 00:16:56, 60.24014, 68.89082, 100
03/23/2018 01:17:00, 60.25403, 68.94361, 100
03/23/2018 02:17:06, 60.3068, 69.02139, 100
03/23/2018 03:17:13, 60.32347, 69.07417, 100
03/23/2018 04:17:22, 60.34847, 69.13807, 100
03/23/2018 05:17:23, 60.42071, 69.16585, 100
03/23/2018 06:17:25, 60.44015, 69.18807, 100
03/23/2018 07:17:30, 60.56238, 69.1992, 100
03/23/2018 08:17:39, 60.57905, 69.3103, 100
03/23/2018 09:17:45, 60.63738, 69.45476, 100
03/23/2018 10:17:50, 60.70684, 69.47698, 100
03/23/2018 11:17:54, 60.65961, 69.4492, 100
03/23/2018 12:17:59, 60.70684, 69.54087, 100
03/23/2018 13:18:08, 60.64572, 69.39919, 100
03/23/2018 14:18:16, 60.65405, 69.39642, 100
03/23/2018 15:18:20, 60.63461, 69.3603, 100
03/23/2018 16:18:26, 60.69017, 69.36864, 100
03/23/2018 17:18:31, 60.6235, 69.36586, 100
03/23/2018 18:18:36, 60.64017, 69.37975, 100
03/23/2018 19:18:42, 60.69017, 69.44365, 100
03/23/2018 20:18:44, 60.64016, 69.45477, 100
03/23/2018 21:18:53, 60.67906, 69.4631, 100
03/23/2018 22:19:01, 60.73183, 69.51309, 100
03/23/2018 23:19:01, 60.74294, 69.55754, 100
03/24/2018 00:19:09, 60.75683, 69.56032, 100
03/24/2018 01:19:13, 60.78184, 69.51865, 100
03/24/2018 02:19:13, 60.80407, 69.59365, 100
03/24/2018 03:19:15, 60.86518, 69.64366, 100
03/24/2018 04:19:15, 60.8624, 69.6381, 100
03/24/2018 05:19:21, 60.89296, 69.67422, 100
03/24/2018 06:19:26, 60.89852, 69.71589, 100
03/24/2018 07:19:35, 60.92074, 69.71867, 100
03/24/2018 08:19:40, 60.92629, 69.77979, 100
03/24/2018 09:19:49, 60.92908, 69.76589, 100
03/24/2018 10:19:55, 61.02908, 69.78255, 100
03/24/2018 11:20:00, 61.10409, 69.89645, 100
03/24/2018 12:20:09, 61.06797, 69.90757, 100
03/24/2018 13:20:14, 61.14576, 69.90202, 100
03/24/2018 14:20:20, 61.1791, 70.03536, 100
03/24/2018 15:20:24, 61.20966, 70.09092, 100
03/24/2018 16:20:24, 61.19854, 70.07981, 100
03/24/2018 17:20:32, 61.21799, 70.03258, 100
03/24/2018 18:20:40, 61.25965, 70.00478, 100
03/24/2018 19:20:47, 61.21521, 70.04369, 100
03/24/2018 20:20:51, 61.17354, 70.07981, 100
03/24/2018 21:20:55, 61.19854, 70.14093, 100
03/24/2018 22:21:04, 61.20409, 70.15204, 100
03/24/2018 23:21:07, 61.26521, 70.16315, 100
03/25/2018 00:21:13, 61.2791, 70.17426, 100
03/25/2018 01:21:17, 61.32355, 70.19926, 100
03/25/2018 02:21:24, 61.33189, 70.22149, 100
03/25/2018 03:21:31, 61.37634, 70.23538, 100
03/25/2018 04:21:33, 61.37911, 70.27705, 100
03/25/2018 05:21:41, 61.40967, 70.30759, 100
03/25/2018 06:21:45, 61.41522, 70.30482, 100
03/25/2018 07:21:50, 61.47634, 70.31038, 100
03/25/2018 08:22:00, 61.48467, 70.29371, 100
03/25/2018 09:22:04, 61.56246, 70.33816, 100
03/25/2018 10:22:08, 61.54857, 70.43817, 100
03/25/2018 11:22:10, 61.60413, 70.4715, 100
03/25/2018 12:22:16, 61.65413, 70.49095, 100
03/25/2018 13:22:25, 61.65135, 70.47428, 100
03/25/2018 14:22:32, 61.73191, 70.49094, 100
03/25/2018 15:22:39, 61.77637, 70.50206, 100
03/25/2018 16:22:47, 61.70414, 70.52151, 100
03/25/2018 17:22:54, 61.71803, 70.54651, 100
03/25/2018 18:23:02, 61.79026, 70.64651, 100
03/25/2018 19:23:07, 61.77359, 70.59096, 100
03/25/2018 20:23:17, 61.79859, 70.61041, 100
03/25/2018 21:23:20, 61.76803, 70.65485, 100
03/25/2018 22:23:23, 61.84859, 70.66041, 100
03/25/2018 23:23:31, 61.90693, 70.66041, 100
03/26/2018 00:23:37, 61.92638, 70.73264, 100
03/26/2018 01:23:43, 61.9236, 70.72707, 100
03/26/2018 02:23:44, 61.92916, 70.7382, 100
03/26/2018 03:23:48, 61.98472, 70.73818, 100
03/26/2018 04:23:51, 61.98472, 70.75486, 100
03/26/2018 05:24:00, 62.04305, 70.75486, 100
03/26/2018 06:24:06, 62.04027, 70.77709, 100
03/26/2018 07:24:16, 62.06251, 70.75208, 100
03/26/2018 08:24:17, 62.12361, 70.79932, 100
03/26/2018 09:24:22, 62.1125, 70.88541, 100
03/26/2018 10:24:23, 62.10139, 70.88541, 100
03/26/2018 11:24:27, 62.23474, 70.94376, 100
03/26/2018 12:24:36, 62.24585, 70.94099, 100
03/26/2018 13:24:43, 62.29308, 70.94654, 100
03/26/2018 14:24:49, 62.29863, 70.99099, 100
03/26/2018 15:24:54, 62.32919, 70.98822, 100
03/26/2018 16:25:00, 62.31808, 71.0521, 100
03/26/2018 17:25:06, 62.3653, 71.04099, 100
03/26/2018 18:25:08, 62.3653, 71.0521, 100
03/26/2018 19:25:17, 62.36808, 71.06599, 100
03/26/2018 20:25:21, 62.44309, 71.09654, 100
03/26/2018 21:25:26, 62.42086, 71.12433, 100
03/26/2018 22:25:27, 62.49587, 71.12156, 100
03/26/2018 23:25:32, 62.5292, 71.12432, 100
03/27/2018 00:25:38, 62.49865, 71.14656, 100
03/27/2018 01:25:46, 62.55142, 71.18268, 100
03/27/2018 02:25:49, 62.62365, 71.17712, 100
03/27/2018 03:25:51, 62.60698, 71.18268, 100
03/27/2018 04:25:50, 62.63477, 71.18823, 100
03/27/2018 05:25:59, 62.72366, 71.22434, 100
03/27/2018 06:26:03, 62.65977, 71.20768, 100
03/27/2018 07:26:04, 62.76533, 71.216, 100
03/27/2018 08:26:10, 62.79589, 71.23267, 100
03/27/2018 09:26:16, 62.85424, 71.29379, 100
03/27/2018 10:26:22, 62.8959, 71.43824, 100
03/27/2018 11:27:17, 62.9098, 71.46324, 100
03/27/2018 12:27:55, 63.0098, 71.45491, 100
03/27/2018 13:27:57, 63.14037, 71.43546, 100
03/27/2018 14:28:11, 63.12647, 71.43269, 100
03/27/2018 15:28:16, 63.18759, 71.42991, 100
03/27/2018 16:28:20, 63.09036, 71.39658, 100
03/27/2018 17:28:28, 63.14315, 71.32436, 100
03/27/2018 18:28:28, 63.05981, 71.22157, 100
03/27/2018 19:28:29, 63.00423, 71.01321, 100
03/27/2018 20:28:33, 63.0209, 70.91876, 100
03/27/2018 21:28:34, 63.00702, 70.7104, 100
03/27/2018 22:28:45, 63.04036, 70.57706, 100
03/27/2018 23:28:53, 63.00423, 70.46317, 100
03/28/2018 00:28:56, 62.99869, 70.34093, 100
03/28/2018 01:29:00, 62.99313, 70.12148, 100
03/28/2018 02:29:07, 62.94312, 70.04369, 100
03/28/2018 03:29:07, 62.93479, 69.93812, 100
03/28/2018 04:29:07, 62.92368, 69.77702, 100
03/28/2018 05:29:07, 62.88201, 69.65755, 100
03/28/2018 06:29:08, 62.807, 69.57143, 100
03/28/2018 07:29:11, 62.74866, 69.50198, 100
03/28/2018 08:29:20, 62.807, 69.45476, 100
03/28/2018 09:29:28, 62.83479, 69.41309, 100
03/28/2018 10:29:33, 62.79033, 69.34364, 100
03/28/2018 11:29:35, 62.707, 69.27697, 100
03/28/2018 12:29:46, 62.73199, 69.24084, 100
03/28/2018 13:29:46, 62.69588, 69.19363, 100
03/28/2018 14:29:56, 62.70144, 69.18807, 100
03/28/2018 15:30:04, 62.69311, 69.11306, 100
03/28/2018 16:30:05, 62.63477, 69.14362, 100
03/28/2018 17:30:06, 62.55142, 69.0825, 100
03/28/2018 18:30:14, 62.56809, 69.03528, 100
03/28/2018 19:30:23, 62.5792, 68.91027, 100
03/28/2018 20:30:24, 62.49587, 68.94083, 100
03/28/2018 21:30:25, 62.50143, 68.86304, 100
03/28/2018 22:30:34, 62.48476, 68.8547, 100
03/28/2018 23:30:34, 62.42364, 68.8547, 100
03/29/2018 00:30:34, 62.34863, 68.79359, 100
03/29/2018 01:30:34, 62.34586, 68.7547, 100
03/29/2018 02:30:34, 62.33474, 68.7297, 100
03/29/2018 03:30:35, 62.27919, 68.62413, 100
03/29/2018 04:30:35, 62.26252, 68.61024, 100
03/29/2018 05:30:35, 62.26807, 68.59635, 100
03/29/2018 06:30:35, 62.28196, 68.55469, 100
03/29/2018 07:30:35, 62.2264, 68.55746, 100
03/29/2018 08:30:45, 62.31808, 68.53246, 100
03/29/2018 09:30:51, 62.30141, 68.62968, 100
03/29/2018 10:30:51, 62.25141, 68.58524, 100
03/29/2018 11:31:00, 62.2264, 68.61024, 100
03/29/2018 12:31:01, 62.21529, 68.57135, 100
03/29/2018 13:31:03, 62.17639, 68.54357, 100
03/29/2018 14:31:11, 62.24307, 68.56857, 100
03/29/2018 15:31:15, 62.17918, 68.56024, 100
03/29/2018 16:31:15, 62.17361, 68.53246, 100
03/29/2018 17:31:23, 62.15417, 68.55746, 100
03/29/2018 18:31:32, 62.16251, 68.5908, 100
03/29/2018 19:31:33, 62.17918, 68.57136, 100
03/29/2018 20:31:37, 62.23752, 68.5658, 100
03/29/2018 21:31:43, 62.23475, 68.47968, 100
03/29/2018 22:31:45, 62.2264, 68.48247, 100
03/29/2018 23:31:54, 62.1514, 68.56302, 100
03/30/2018 00:31:54, 62.23196, 68.56302, 100
03/30/2018 01:31:57, 62.23474, 68.56302, 100
03/30/2018 02:32:06, 62.23474, 68.49079, 100
03/30/2018 03:32:11, 62.24308, 68.61579, 100
03/30/2018 04:32:18, 62.23196, 68.62691, 100
03/30/2018 05:32:25, 62.28474, 68.55746, 100
03/30/2018 06:32:33, 62.29308, 68.61301, 100
03/30/2018 07:32:41, 62.28474, 68.6158, 100
03/30/2018 08:32:42, 62.2903, 68.65747, 100
03/30/2018 09:32:45, 62.30141, 68.62135, 100
03/30/2018 10:32:46, 62.31252, 68.61858, 100
03/30/2018 11:32:47, 62.37086, 68.7047, 100
03/30/2018 12:32:51, 62.25696, 68.74915, 100
03/30/2018 13:32:54, 62.36808, 68.66302, 100
03/30/2018 14:33:06, 62.29863, 68.80192, 100
03/30/2018 15:33:12, 62.37641, 68.82137, 100
03/30/2018 16:33:20, 62.33475, 68.86859, 100
03/30/2018 17:33:26, 62.30696, 68.85193, 100
03/30/2018 18:33:30, 62.35141, 68.83526, 100
03/30/2018 19:33:37, 62.34863, 68.84916, 100
03/30/2018 20:33:43, 62.34586, 68.86304, 100
03/30/2018 21:33:44, 62.36252, 68.87694, 100
03/30/2018 22:33:44, 62.2903, 68.88527, 100
03/30/2018 23:33:51, 62.29307, 68.87971, 100
03/31/2018 00:33:59, 62.31252, 68.94361, 100
03/31/2018 01:34:08, 62.30974, 68.93249, 100
03/31/2018 02:34:16, 62.29585, 68.91582, 100
03/31/2018 03:34:23, 62.29586, 68.97694, 100
03/31/2018 04:34:33, 62.28474, 68.97694, 100
03/31/2018 05:34:38, 62.29586, 68.97972, 100
03/31/2018 06:34:43, 62.20417, 68.98528, 100
03/31/2018 07:34:46, 62.20973, 68.87416, 100
03/31/2018 08:34:49, 62.20974, 68.97694, 100
03/31/2018 09:34:51, 62.17917, 68.87415, 100
03/31/2018 10:34:52, 62.29863, 68.96027, 100
03/31/2018 11:35:00, 62.25974, 69.01029, 100
03/31/2018 12:35:06, 62.22363, 69.08529, 100
03/31/2018 13:35:14, 62.17084, 69.0825, 100
03/31/2018 14:35:23, 62.25419, 69.08806, 100
03/31/2018 15:35:28, 62.23196, 69.1464, 100
03/31/2018 16:35:34, 62.17084, 69.11028, 100
03/31/2018 17:35:42, 62.17084, 69.13251, 100
03/31/2018 18:35:49, 62.14862, 69.1964, 100
03/31/2018 19:35:57, 62.0375, 69.26586, 100
03/31/2018 20:36:04, 61.95415, 69.30197, 100
03/31/2018 21:36:11, 61.9486, 69.33253, 100
03/31/2018 22:36:19, 61.93749, 69.39364, 100
03/31/2018 23:36:27, 61.83748, 69.44365, 100
04/01/2018 00:36:33, 61.77915, 69.47142, 100
04/01/2018 01:36:39, 61.75137, 69.52699, 100
04/01/2018 02:36:46, 61.70692, 69.51031, 100
04/01/2018 03:36:53, 61.71525, 69.63533, 100
04/01/2018 04:37:01, 61.69581, 69.62421, 100
04/01/2018 05:37:07, 61.65691, 69.64367, 100
04/01/2018 06:37:16, 61.63746, 69.69643, 100
04/01/2018 07:37:25, 61.59025, 69.72977, 100
04/01/2018 08:37:31, 61.54857, 69.77702, 100
04/01/2018 09:37:38, 61.49023, 69.89646, 100
04/01/2018 10:37:45, 61.49857, 69.94923, 100
04/01/2018 11:37:53, 61.40134, 69.97424, 100
04/01/2018 12:37:58, 61.46522, 70.10204, 100
04/01/2018 13:38:05, 61.343, 70.14092, 100
04/01/2018 14:38:09, 61.20409, 70.13259, 100
04/01/2018 15:38:17, 61.19021, 70.17981, 100
04/01/2018 16:38:24, 61.17077, 70.2187, 100
04/01/2018 17:38:30, 61.14854, 70.34094, 100
04/01/2018 18:38:36, 61.12076, 70.36039, 100
04/01/2018 19:38:44, 61.06242, 70.34372, 100
04/01/2018 20:38:44, 60.99575, 70.35484, 100
04/01/2018 21:38:48, 60.98463, 70.48539, 100
04/01/2018 22:38:52, 60.86796, 70.52151, 100
04/01/2018 23:39:02, 60.80407, 70.55206, 100
04/02/2018 00:39:05, 60.7485, 70.5604, 100
04/02/2018 01:39:06, 60.71239, 70.59097, 100
04/02/2018 02:39:11, 60.68461, 70.62708, 100
04/02/2018 03:39:13, 60.63738, 70.68262, 100
04/02/2018 04:39:17, 60.60961, 70.69096, 100
04/02/2018 05:39:18, 60.4846, 70.7243, 100
04/02/2018 06:39:19, 60.43182, 70.7632, 100
04/02/2018 07:39:25, 60.43459, 70.76041, 100
04/02/2018 08:39:28, 60.38181, 70.81042, 100
04/02/2018 09:39:31, 60.33458, 70.81042, 100
04/02/2018 10:39:34, 60.32902, 70.89375, 100
04/02/2018 11:39:41, 60.33181, 70.92709, 100
04/02/2018 12:39:48, 60.28181, 70.94932, 100
04/02/2018 13:39:55, 60.22347, 70.95488, 100
04/02/2018 14:40:01, 60.19013, 70.97433, 100
04/02/2018 15:40:06, 60.14846, 70.991, 100
04/02/2018 16:40:12, 60.02346, 70.97988, 100
04/02/2018 17:40:17, 59.95122, 71.02433, 100
04/02/2018 18:40:25, 59.99567, 71.06043, 100
04/02/2018 19:40:30, 59.85677, 71.10488, 100
04/02/2018 20:40:29, 59.86788, 71.09932, 100
04/02/2018 21:40:35, 59.84288, 71.12711, 100
04/02/2018 22:40:42, 59.79009, 71.12433, 100
04/02/2018 23:40:51, 59.65953, 71.17712, 100
04/03/2018 00:40:59, 59.60952, 71.1799, 100
04/03/2018 01:41:06, 59.5873, 71.21879, 100
04/03/2018 02:41:14, 59.62063, 71.20767, 100
04/03/2018 03:41:22, 59.55952, 71.21601, 100
04/03/2018 04:41:29, 59.50118, 71.2549, 100
04/03/2018 05:41:34, 59.48174, 71.25768, 100
04/03/2018 06:41:40, 59.40951, 71.2549, 100
04/03/2018 07:41:47, 59.4095, 71.2938, 100
04/03/2018 08:41:56, 59.41228, 71.30212, 100
04/03/2018 09:42:04, 59.36784, 71.32434, 100
04/03/2018 10:42:09, 59.34284, 71.33269, 100
04/03/2018 11:42:14, 59.35673, 71.45491, 100
04/03/2018 12:42:21, 59.30672, 71.46047, 100
04/03/2018 13:42:26, 59.28727, 71.42158, 100
04/03/2018 14:42:35, 59.25672, 71.49104, 100
04/03/2018 15:42:42, 59.26228, 71.47713, 100
04/03/2018 16:42:51, 59.22338, 71.46047, 100
04/03/2018 17:42:59, 59.10671, 71.52715, 100
04/03/2018 18:43:03, 59.08448, 71.56604, 100
04/03/2018 19:43:12, 59.10393, 71.56049, 100
04/03/2018 20:43:19, 59.10671, 71.58826, 100
04/03/2018 21:43:19, 59.03448, 71.51049, 100
04/03/2018 22:43:25, 58.94836, 71.50215, 100
04/03/2018 23:43:32, 58.95114, 71.63825, 100
04/04/2018 00:43:42, 58.92614, 71.62437, 100
04/04/2018 01:43:49, 58.92892, 71.61604, 100
04/04/2018 02:43:57, 58.92058, 71.62714, 100
04/04/2018 03:44:03, 58.90669, 71.6855, 100
04/04/2018 04:44:10, 58.89558, 71.68272, 100
04/04/2018 05:44:14, 58.89837, 71.67438, 100
04/04/2018 06:44:20, 58.88169, 71.57159, 100
04/04/2018 07:44:24, 58.77057, 71.57993, 100
04/04/2018 08:44:33, 58.83724, 71.68827, 100
04/04/2018 09:44:35, 58.84835, 71.69939, 100
04/04/2018 10:44:38, 58.79835, 71.77994, 100
04/04/2018 11:44:46, 58.90947, 71.77994, 100
04/04/2018 12:44:53, 58.84836, 71.77438, 100
04/04/2018 13:44:59, 58.81223, 71.78549, 100
04/04/2018 14:44:58, 58.89003, 71.82161, 100
04/04/2018 15:45:05, 58.83447, 71.81882, 100
04/04/2018 16:45:12, 58.83446, 71.81327, 100
04/04/2018 17:45:20, 58.87891, 71.86885, 100
04/04/2018 18:45:27, 58.77057, 71.75217, 100
04/04/2018 19:45:36, 58.77057, 71.88274, 100
04/04/2018 20:45:36, 58.79835, 71.87719, 100
04/04/2018 21:45:43, 58.80112, 71.88829, 100
04/04/2018 22:45:49, 58.79835, 71.82439, 100
04/04/2018 23:45:57, 58.79279, 71.83272, 100
04/05/2018 00:46:05, 58.85114, 71.87441, 100
04/05/2018 01:46:12, 58.8428, 71.8744, 100
04/05/2018 02:46:21, 58.84557, 71.95496, 100
04/05/2018 03:46:27, 58.83724, 71.94662, 100
04/05/2018 04:46:34, 58.84003, 71.8744, 100
04/05/2018 05:46:44, 58.89558, 71.90774, 100
04/05/2018 06:46:50, 58.79835, 71.89663, 100
04/05/2018 07:46:56, 58.79002, 72.00217, 100
04/05/2018 08:47:05, 58.8928, 72.01328, 100
04/05/2018 09:47:10, 58.92892, 71.9494, 100
04/05/2018 10:47:16, 58.92614, 71.95496, 100
04/05/2018 11:47:20, 58.92892, 71.96051, 100
04/05/2018 12:47:25, 58.97892, 71.95218, 100
04/05/2018 13:47:29, 58.98447, 72.04662, 100
04/05/2018 14:47:33, 58.98447, 72.10497, 100
04/05/2018 15:47:37, 59.04559, 72.10776, 100
04/05/2018 16:47:40, 59.02337, 72.09386, 100
04/05/2018 17:47:46, 59.03725, 72.09664, 100
04/05/2018 18:47:51, 59.04282, 72.09386, 100
04/05/2018 19:47:55, 59.09004, 72.14386, 100
04/05/2018 20:47:55, 59.08726, 72.14108, 100
04/05/2018 21:48:01, 59.1206, 72.14386, 100
04/05/2018 22:48:07, 59.1706, 72.17442, 100
04/05/2018 23:48:09, 59.15394, 72.16886, 100
04/06/2018 00:48:18, 59.2206, 72.17164, 100
04/06/2018 01:48:23, 59.23171, 72.16886, 100
04/06/2018 02:48:26, 59.24282, 72.16608, 100
04/06/2018 03:48:31, 59.29561, 72.17164, 100
04/06/2018 04:48:34, 59.34839, 72.23552, 100
04/06/2018 05:48:40, 59.36784, 72.22441, 100
04/06/2018 06:48:44, 59.47895, 72.21886, 100
04/06/2018 07:48:49, 59.50951, 72.22441, 100
04/06/2018 08:48:53, 59.5623, 72.24108, 100
04/06/2018 09:48:59, 59.54008, 72.23274, 100
04/06/2018 10:49:16, 59.6123, 72.2133, 100
04/06/2018 11:49:22, 59.7012, 72.2522, 100
04/06/2018 12:49:28, 59.7762, 72.2522, 100
04/06/2018 13:49:36, 59.80954, 72.32999, 100
04/06/2018 14:49:43, 59.83732, 72.35221, 100
04/06/2018 15:49:51, 59.85399, 72.35777, 100
04/06/2018 16:49:59, 59.90955, 72.33276, 100
04/06/2018 17:50:05, 59.94011, 72.37444, 100
04/06/2018 18:50:11, 59.98178, 72.44667, 100
04/06/2018 19:50:12, 60.0929, 72.39665, 100
04/06/2018 20:50:17, 60.09012, 72.44667, 100
04/06/2018 21:50:25, 60.15401, 72.34666, 100
04/06/2018 22:50:33, 60.25681, 72.39388, 100
04/06/2018 23:50:37, 60.21236, 72.40777, 100
04/07/2018 00:50:37, 60.26514, 72.40777, 100
04/07/2018 01:50:42, 60.37625, 72.39665, 100
04/07/2018 02:50:49, 60.44015, 72.455, 100
04/07/2018 03:50:50, 60.45682, 72.52722, 100
04/07/2018 04:50:58, 60.50681, 72.48, 100
04/07/2018 05:51:07, 60.56238, 72.52168, 100
04/07/2018 06:51:11, 60.63739, 72.58556, 100
