Date/Time, Zone, Temperature, Damper
02/14/2018 11:25:56, 1, 11.1751, 100
02/14/2018 12:25:58, 1, 11.38344, 88.33334
02/14/2018 13:25:58, 1, 11.61402, 30
02/14/2018 14:25:58, 1, 11.79737, 30
02/14/2018 15:26:00, 1, 11.91682, 30
02/14/2018 16:26:02, 1, 12.06127, 30
02/14/2018 17:26:09, 1, 12.17517, 30
02/14/2018 18:26:17, 1, 12.27241, 30
02/14/2018 19:26:23, 1, 12.39464, 30
02/14/2018 20:26:25, 1, 12.47242, 30
02/14/2018 21:26:31, 1, 12.59743, 30
02/14/2018 22:26:32, 1, 12.70855, 30
02/14/2018 23:26:32, 1, 12.79745, 30
02/15/2018 00:26:33, 1, 12.90301, 30
02/15/2018 01:26:35, 1, 13.11691, 30
02/15/2018 02:26:38, 1, 13.16136, 30
02/15/2018 03:26:42, 1, 13.29193, 30
02/15/2018 04:26:43, 1, 13.36138, 30
02/15/2018 05:26:46, 1, 13.48361, 30
02/15/2018 06:26:52, 1, 13.65307, 30
02/15/2018 07:26:53, 1, 13.70029, 30
02/15/2018 08:26:57, 1, 13.85309, 30
02/15/2018 09:26:59, 1, 13.92254, 30
02/15/2018 10:27:07, 1, 14.09477, 30
02/15/2018 11:27:09, 1, 14.21978, 30
02/15/2018 12:27:12, 1, 14.3559, 30
02/15/2018 13:27:20, 1, 14.42258, 70.83334
02/15/2018 14:27:23, 1, 14.56981, 100
02/15/2018 15:27:31, 1, 14.67815, 100
02/15/2018 16:27:34, 1, 14.87261, 100
02/15/2018 17:27:39, 1, 14.93651, 100
02/15/2018 18:27:39, 1, 15.07263, 100
02/15/2018 19:27:45, 1, 15.17264, 100
02/15/2018 20:27:46, 1, 15.27264, 100
02/15/2018 21:27:47, 1, 15.38932, 100
02/15/2018 22:27:53, 1, 15.56433, 100
02/15/2018 23:27:59, 1, 15.65601, 100
02/16/2018 00:28:05, 1, 15.76157, 100
02/16/2018 01:28:10, 1, 15.86991, 100
02/16/2018 02:28:15, 1, 16.0227, 100
02/16/2018 03:28:21, 1, 16.14215, 100
02/16/2018 04:28:27, 1, 16.26717, 100
02/16/2018 05:28:33, 1, 16.35884, 100
02/16/2018 06:28:38, 1, 16.4783, 100
02/16/2018 07:28:43, 1, 16.54775, 100
02/16/2018 08:28:47, 1, 16.7311, 100
02/16/2018 09:28:50, 1, 16.14771, 65
02/16/2018 10:28:51, 1, 16.29495, 30
02/16/2018 11:28:55, 1, 16.43663, 30
02/16/2018 12:28:56, 1, 16.53108, 30
02/16/2018 13:29:01, 1, 16.61164, 30
02/16/2018 14:29:05, 1, 16.63942, 30
02/16/2018 15:29:11, 1, 16.70609, 30
02/16/2018 16:29:12, 1, 16.73387, 30
02/16/2018 17:29:21, 1, 16.79221, 30
02/16/2018 18:29:26, 1, 16.87277, 30
02/16/2018 19:29:30, 1, 16.92, 30
02/16/2018 20:29:35, 1, 16.99778, 30
02/16/2018 21:29:40, 1, 17.03112, 30
02/16/2018 22:29:43, 1, 17.09224, 30
02/16/2018 23:29:46, 1, 17.12557, 30
02/17/2018 00:29:51, 1, 17.2228, 30
02/17/2018 01:29:55, 1, 17.32003, 30
02/17/2018 02:30:00, 1, 17.38948, 30
02/17/2018 03:30:04, 1, 17.46449, 30
02/17/2018 04:30:09, 1, 17.44782, 30
02/17/2018 05:30:11, 1, 17.56172, 30
02/17/2018 06:30:15, 1, 17.59505, 30
02/17/2018 07:30:20, 1, 17.70895, 30
02/17/2018 08:30:26, 1, 17.7145, 30
02/17/2018 09:30:30, 1, 17.83674, 30
02/17/2018 10:30:34, 1, 17.87007, 30
02/17/2018 11:30:37, 1, 17.92841, 30
02/17/2018 12:30:45, 1, 18.00064, 30
02/17/2018 13:30:51, 1, 18.02286, 30
02/17/2018 14:30:58, 1, 18.0812, 30
02/17/2018 15:31:01, 1, 18.14787, 30
02/17/2018 16:31:06, 1, 18.27288, 30
02/17/2018 17:31:09, 1, 18.37567, 30
02/17/2018 18:31:16, 1, 18.38123, 30
02/17/2018 19:31:18, 1, 18.42289, 30
02/17/2018 20:31:23, 1, 18.50068, 30
02/17/2018 21:31:30, 1, 18.5618, 30
02/17/2018 22:31:33, 1, 18.64514, 30
02/17/2018 23:31:36, 1, 18.68959, 30
02/18/2018 00:31:39, 1, 18.7257, 30
02/18/2018 01:31:46, 1, 18.77292, 30
02/18/2018 02:31:51, 1, 18.83126, 30
02/18/2018 03:31:57, 1, 18.87293, 30
02/18/2018 04:32:00, 1, 18.96461, 30
02/18/2018 05:32:03, 1, 18.98683, 30
02/18/2018 06:32:06, 1, 19.07573, 30
02/18/2018 07:32:10, 1, 19.12295, 30
02/18/2018 08:32:15, 1, 19.25074, 30
02/18/2018 09:32:23, 1, 19.27574, 30
02/18/2018 10:32:25, 1, 19.31741, 30
02/18/2018 11:32:30, 1, 19.38131, 30
02/18/2018 12:32:31, 1, 19.42575, 30
02/18/2018 13:32:36, 1, 19.54243, 30
02/18/2018 14:32:39, 1, 19.59244, 30
02/18/2018 15:32:47, 1, 19.66744, 30
02/18/2018 16:32:57, 1, 19.71466, 30
02/18/2018 17:32:59, 1, 19.73133, 30
02/18/2018 18:32:59, 1, 19.82579, 30
02/18/2018 19:33:04, 1, 19.87579, 30
02/18/2018 20:33:07, 1, 19.92857, 30
02/18/2018 21:33:12, 1, 20.0008, 30
02/18/2018 22:33:13, 1, 20.05636, 30
02/18/2018 23:33:18, 1, 20.06747, 30
02/19/2018 00:33:22, 1, 20.17304, 30
02/19/2018 01:33:24, 1, 20.21471, 30
02/19/2018 02:33:26, 1, 20.23693, 30
02/19/2018 03:33:28, 1, 20.29805, 30
02/19/2018 04:33:30, 1, 20.38139, 30
02/19/2018 05:33:31, 1, 20.42305, 30
02/19/2018 06:33:34, 1, 20.45362, 30
02/19/2018 07:33:40, 1, 20.58973, 30
02/19/2018 08:33:42, 1, 20.6064, 30
02/19/2018 09:33:44, 1, 20.63974, 30
02/19/2018 10:33:52, 1, 20.70364, 30
02/19/2018 11:34:01, 1, 20.77031, 30
02/19/2018 12:34:04, 1, 20.84809, 30
02/19/2018 13:34:13, 1, 20.88143, 30
02/19/2018 14:34:15, 1, 20.99533, 30
02/19/2018 15:34:15, 1, 21.00921, 30
02/19/2018 16:34:16, 1, 21.06199, 30
02/19/2018 17:34:24, 1, 21.08699, 30
02/19/2018 18:34:30, 1, 21.14256, 30
02/19/2018 19:34:31, 1, 21.15645, 30
02/19/2018 20:34:37, 1, 21.20367, 30
02/19/2018 21:34:43, 1, 21.26479, 30
02/19/2018 22:34:49, 1, 1.32313, 30
02/19/2018 23:34:57, 1, 21.36202, 30
02/20/2018 00:35:03, 1, 21.42036, 30
02/20/2018 01:35:12, 1, 21.45925, 30
02/20/2018 02:35:14, 1, 21.49814, 30
02/20/2018 03:35:23, 1, 21.53703, 30
02/20/2018 04:35:26, 1, 21.67871, 30
02/20/2018 05:35:34, 1, 21.60649, 30
02/20/2018 06:35:43, 1, 21.72038, 30
02/20/2018 07:35:50, 1, 21.76761, 30
02/20/2018 08:35:57, 1, 21.81206, 30
02/20/2018 09:36:04, 1, 21.85651, 30
02/20/2018 10:36:13, 1, 21.95373, 30
02/20/2018 11:36:14, 1, 21.95651, 30
02/20/2018 12:36:16, 1, 22.02041, 30
02/20/2018 13:36:19, 1, 22.08152, 30
02/20/2018 14:36:26, 1, 22.10652, 30
02/20/2018 15:36:29, 1, 22.15375, 30
02/20/2018 16:36:34, 1, 22.20098, 30
02/20/2018 17:36:36, 1, 22.27043, 30
02/20/2018 18:36:39, 1, 22.24265, 30
02/20/2018 19:36:43, 1, 22.2871, 30
02/20/2018 20:36:48, 1, 22.32044, 30
02/20/2018 21:36:54, 1, 22.36487, 30
02/20/2018 22:36:59, 1, 22.42599, 30
02/20/2018 23:37:02, 1, 22.45099, 30
02/21/2018 00:37:05, 1, 22.49267, 30
02/21/2018 01:37:12, 1, 22.55934, 30
02/21/2018 02:37:19, 1, 22.60656, 30
02/21/2018 03:37:26, 1, 22.64267, 30
02/21/2018 04:37:31, 1, 22.75936, 30
02/21/2018 05:37:34, 1, 22.62045, 30
02/21/2018 06:37:39, 1, 22.75658, 30
02/21/2018 07:37:40, 1, 22.80936, 30
02/21/2018 08:37:41, 1, 22.84547, 30
02/21/2018 09:37:41, 1, 22.88714, 30
02/21/2018 10:37:45, 1, 22.88714, 30
02/21/2018 11:37:49, 1, 22.99271, 30
02/21/2018 12:37:53, 1, 23.03993, 20.83333
02/21/2018 13:37:58, 1, 23.07327, 20
02/21/2018 14:38:01, 1, 23.12049, 20
02/21/2018 15:38:05, 1, 23.11771, 20
02/21/2018 16:38:09, 1, 23.19828, 14.16667
02/21/2018 17:38:12, 1, 23.18717, 10
02/21/2018 18:38:14, 1, 23.24273, 10
02/21/2018 19:38:15, 1, 23.31495, 10
02/21/2018 20:38:24, 1, 23.32051, 10
02/21/2018 21:38:28, 1, 23.35107, 10
02/21/2018 22:38:33, 1, 23.38719, 10
02/21/2018 23:38:38, 1, 3.42608, 10
02/22/2018 00:38:42, 1, 23.45386, 10
02/22/2018 01:38:43, 1, 23.49275, 10
02/22/2018 02:38:48, 1, 23.62331, 10
02/22/2018 03:38:53, 1, 23.5872, 10
02/22/2018 04:38:53, 1, 23.63998, 10
02/22/2018 05:38:53, 1, 23.73165, 10
02/22/2018 06:39:02, 1, 23.74554, 10
02/22/2018 07:39:12, 1, 23.76777, 10
02/22/2018 08:39:14, 1, 23.85945, 10
02/22/2018 09:39:18, 1, 23.87611, 10
02/22/2018 10:39:24, 1, 23.93723, 10
02/22/2018 11:39:24, 1, 23.90945, 10
02/22/2018 12:39:34, 1, 24.05668, 10
02/22/2018 13:39:37, 1, 24.00389, 10
02/22/2018 14:39:43, 1, 24.12891, 10
02/22/2018 15:39:46, 1, 24.14557, 10
02/22/2018 16:39:54, 1, 24.17335, 10
02/22/2018 17:40:00, 1, 24.17891, 10
02/22/2018 18:40:07, 1, 24.23725, 10
02/22/2018 19:40:14, 1, 24.27059, 10
02/22/2018 20:40:16, 1, 24.32337, 10
02/22/2018 21:40:17, 1, 24.34837, 10
02/22/2018 22:40:17, 1, 24.40115, 10
02/22/2018 23:40:18, 1, 24.39837, 10
02/23/2018 00:40:21, 1, 24.42615, 10
02/23/2018 01:40:28, 1, 24.47615, 10
02/23/2018 02:40:33, 1, 24.52061, 10
02/23/2018 03:40:37, 1, 24.65395, 10
02/23/2018 04:40:47, 1, 24.67896, 10
02/23/2018 05:40:52, 1, 24.66784, 10
02/23/2018 06:40:56, 1, 24.72618, 10
02/23/2018 07:41:02, 1, 24.73451, 10
02/23/2018 08:41:10, 1, 24.77896, 17.5
02/23/2018 09:41:14, 1, 24.7873, 20
02/23/2018 10:41:16, 1, 24.94009, 20
02/23/2018 11:41:26, 1, 24.9512, 20
02/23/2018 12:41:27, 1, 24.99565, 20
02/23/2018 13:41:35, 1, 25.03176, 20
02/23/2018 14:41:39, 1, 25.09565, 9.5
02/23/2018 15:41:39, 1, 25.13733, 9.272727
02/23/2018 16:41:40, 1, 25.10676, 10
02/23/2018 16:55:28, 1, 25.1401, 10
02/23/2018 17:55:36, 1, 25.15955, 10
02/23/2018 18:55:46, 1, 25.17344, 10
02/23/2018 19:55:54, 1, 25.22345, 10
02/23/2018 20:56:01, 1, 25.27899, 10
02/23/2018 21:56:09, 1, 25.304, 10
02/23/2018 22:56:17, 1, 25.37067, 10
02/23/2018 23:56:25, 1, 25.40679, 10
02/24/2018 00:56:34, 1, 25.48179, 10
02/24/2018 01:56:44, 1, 25.45957, 10
02/24/2018 02:56:51, 1, 25.53458, 10
02/24/2018 03:56:58, 1, 25.52624, 10
02/24/2018 04:57:06, 1, 25.65681, 10
02/24/2018 05:57:13, 1, 25.60403, 10
02/24/2018 06:57:21, 1, 25.70681, 10
02/24/2018 07:57:29, 1, 25.74292, 10
02/24/2018 08:57:38, 1, 25.74292, 10
02/24/2018 09:57:46, 1, 25.79849, 10
02/24/2018 10:57:50, 1, 25.87627, 10
02/24/2018 11:57:57, 1, 25.91794, 10
02/24/2018 12:58:06, 1, 25.96795, 10
02/24/2018 13:58:15, 1, 25.9735, 10
02/24/2018 14:58:22, 1, 25.96795, 10
02/24/2018 15:58:29, 1, 26.09018, 10
02/24/2018 16:58:34, 1, 26.10962, 10
02/24/2018 17:58:45, 1, 26.12907, 10
02/24/2018 18:58:50, 1, 26.21241, 10
02/24/2018 19:58:58, 1, 26.19852, 10
02/24/2018 20:59:05, 1, 26.24297, 10
02/24/2018 21:59:05, 1, 26.28186, 10
02/24/2018 22:59:15, 1, 26.36798, 10
02/24/2018 23:59:19, 1, 26.3652, 10
02/25/2018 00:59:24, 1, 26.40131, 10
02/25/2018 01:59:32, 1, 26.48188, 10
02/25/2018 02:59:35, 1, 26.49021, 10
02/25/2018 03:59:37, 1, 26.55966, 10
02/25/2018 04:59:46, 1, 26.59855, 10
02/25/2018 05:59:56, 1, 26.63466, 10
02/25/2018 07:00:04, 1, 26.62633, 10
02/25/2018 08:00:14, 1, 26.67911, 10
02/25/2018 09:00:22, 1, 26.70689, 10
02/25/2018 10:00:23, 1, 26.73745, 10
02/25/2018 11:00:24, 1, 26.81801, 10
02/25/2018 12:00:31, 1, 26.87357, 10
02/25/2018 13:00:37, 1, 26.90691, 10
02/25/2018 14:00:45, 1, 26.94024, 10
02/25/2018 15:00:51, 1, 26.99303, 10
02/25/2018 16:01:01, 1, 27.01803, 10
02/25/2018 17:01:06, 1, 27.07914, 10
02/25/2018 18:01:09, 1, 27.12637, 10
02/25/2018 19:01:14, 1, 27.1347, 10
02/25/2018 20:01:22, 1, 27.18193, 10
02/25/2018 21:01:29, 1, 27.19304, 10
02/25/2018 22:01:29, 1, 27.24305, 10
02/25/2018 23:01:36, 1, 27.27639, 10
02/26/2018 00:01:43, 1, 27.32083, 10
02/26/2018 01:01:52, 1, 27.36806, 10
02/26/2018 02:02:00, 1, 27.39305, 10
02/26/2018 03:02:07, 1, 27.4514, 10
02/26/2018 04:02:16, 1, 27.47084, 10
02/26/2018 05:02:16, 1, 27.49584, 10
02/26/2018 06:02:24, 1, 27.52362, 10
02/26/2018 07:02:33, 1, 27.64308, 10
02/26/2018 08:02:42, 1, 27.61252, 10
02/26/2018 09:02:41, 1, 27.62363, 10
02/26/2018 10:02:47, 1, 27.71809, 10
02/26/2018 11:02:56, 1, 27.75698, 10
02/26/2018 12:03:04, 1, 27.82365, 10
02/26/2018 13:03:07, 1, 27.87921, 10
02/26/2018 14:03:13, 1, 27.89588, 10
02/26/2018 15:03:16, 1, 27.95977, 10
02/26/2018 16:03:23, 1, 28.02088, 10
02/26/2018 17:03:30, 1, 28.02922, 10
02/26/2018 18:03:37, 1, 28.13479, 10
02/26/2018 19:03:40, 1, 28.02922, 10
02/26/2018 20:03:47, 1, 28.14312, 10
02/26/2018 21:03:56, 1, 28.16812, 10
02/26/2018 22:03:58, 1, 28.23757, 10
02/26/2018 23:04:05, 1, 28.28757, 10
02/27/2018 00:04:09, 1, 28.34314, 10
02/27/2018 01:04:10, 1, 28.33758, 10
02/27/2018 02:04:14, 1, 28.37647, 10
02/27/2018 03:04:15, 1, 28.39869, 10
02/27/2018 04:04:15, 1, 28.43759, 10
02/27/2018 05:04:25, 1, 28.48481, 10
02/27/2018 06:04:34, 1, 28.48203, 10
02/27/2018 07:04:37, 1, 28.62371, 10
02/27/2018 08:04:41, 1, 28.61816, 10
02/27/2018 09:04:49, 1, 28.66816, 10
02/27/2018 10:04:56, 1, 28.72928, 10
02/27/2018 11:05:00, 1, 28.70983, 10
02/27/2018 12:05:09, 1, 28.8404, 10
02/27/2018 13:05:19, 1, 28.88762, 13.33333
02/27/2018 14:05:25, 1, 28.90707, 15
02/27/2018 15:05:27, 1, 28.9793, 15
02/27/2018 16:05:28, 1, 29.02652, 15
02/27/2018 17:05:38, 1, 29.03208, 15
02/27/2018 18:05:40, 1, 29.00985, 15
02/27/2018 19:05:40, 1, 29.0682, 15
02/27/2018 20:05:44, 1, 9.16264, 15
02/27/2018 21:05:51, 1, 29.12375, 15
02/27/2018 22:05:51, 1, 29.22931, 15
02/27/2018 23:06:00, 1, 29.2821, 15
02/28/2018 00:06:08, 1, 29.29321, 15
02/28/2018 01:06:16, 1, 29.34322, 15
02/28/2018 02:06:24, 1, 29.39877, 15
02/28/2018 03:06:24, 1, 29.41266, 15
02/28/2018 04:06:31, 1, 29.421, 15
02/28/2018 05:06:39, 1, 29.48767, 15
02/28/2018 06:06:47, 1, 29.51822, 15
02/28/2018 07:06:55, 1, 29.54323, 15
02/28/2018 08:07:03, 1, 29.61546, 15
02/28/2018 09:07:04, 1, 29.72936, 15
02/28/2018 10:07:13, 1, 29.73492, 15
02/28/2018 11:07:13, 1, 29.75158, 15
02/28/2018 12:07:21, 1, 29.82381, 15
02/28/2018 13:07:28, 1, 29.81825, 15
02/28/2018 14:07:32, 1, 29.81825, 15
02/28/2018 15:07:36, 1, 29.8627, 15
02/28/2018 16:07:44, 1, 29.93493, 15
02/28/2018 17:07:46, 1, 29.95715, 15
02/28/2018 18:07:51, 1, 30.01549, 15
02/28/2018 19:07:55, 1, 30.06271, 15
02/28/2018 20:08:03, 1, 30.08216, 15
02/28/2018 21:08:12, 1, 30.12938, 15
02/28/2018 22:08:14, 1, 30.24328, 15
02/28/2018 23:08:21, 1, 30.19051, 15
03/01/2018 00:08:26, 1, 30.32663, 15
03/01/2018 01:08:30, 1, 30.36552, 15
03/01/2018 02:08:36, 1, 30.39886, 15
03/01/2018 03:08:43, 1, 30.42385, 15
03/01/2018 04:08:46, 1, 30.44886, 15
03/01/2018 05:08:50, 1, 30.50441, 15
03/01/2018 06:08:57, 1, 30.52109, 15
03/01/2018 07:09:04, 1, 30.59054, 15
03/01/2018 08:09:12, 1, 30.61832, 15
03/01/2018 09:09:15, 1, 30.74888, 15
03/01/2018 10:09:21, 1, 30.6961, 15
03/01/2018 11:09:26, 1, 30.77666, 15
03/01/2018 12:09:33, 1, 30.81, 15
03/01/2018 13:09:37, 1, 30.84056, 15
03/01/2018 14:09:44, 1, 30.90445, 15
03/01/2018 15:09:48, 1, 30.94056, 15
03/01/2018 16:09:51, 1, 30.96279, 15
03/01/2018 17:09:54, 1, 30.99057, 15
03/01/2018 18:09:59, 1, 31.01835, 15
03/01/2018 19:10:04, 1, 31.07391, 15
03/01/2018 20:10:07, 1, 31.09613, 15
03/01/2018 21:10:14, 1, 31.15725, 15
03/01/2018 22:10:22, 1, 31.20447, 15
03/01/2018 23:10:27, 1, 31.19059, 15
03/02/2018 00:10:34, 1, 31.24893, 15
03/02/2018 01:10:42, 1, 31.26281, 15
03/02/2018 02:10:52, 1, 31.27115, 15
03/02/2018 03:10:58, 1, 31.40726, 15
03/02/2018 04:11:07, 1, 31.40727, 15
03/02/2018 05:11:16, 1, 31.47672, 15
03/02/2018 06:11:15, 1, 31.52673, 15
03/02/2018 07:11:23, 1, 31.54339, 15
03/02/2018 08:11:22, 1, 31.60173, 15
03/02/2018 09:11:25, 1, 31.57394, 15
03/02/2018 10:11:30, 1, 31.61007, 15
03/02/2018 11:11:36, 1, 31.65729, 15
03/02/2018 12:11:42, 1, 31.79063, 15
03/02/2018 13:11:49, 1, 31.84897, 15
03/02/2018 14:11:55, 1, 31.79063, 15
03/02/2018 15:12:01, 1, 31.87675, 15
03/02/2018 16:12:06, 1, 31.9212, 15
03/02/2018 17:12:12, 1, 31.96565, 15.90909
03/02/2018 18:12:17, 1, 31.91842, 20
03/02/2018 19:12:22, 1, 32.05176, 20
03/02/2018 20:12:27, 1, 32.10177, 20
03/02/2018 21:12:36, 1, 32.11288, 20
03/02/2018 22:12:41, 1, 32.17122, 20
03/02/2018 23:12:50, 1, 32.21845, 20
03/03/2018 00:12:56, 1, 32.21845, 20
03/03/2018 01:13:02, 1, 32.23789, 20
03/03/2018 02:13:07, 1, 32.29067, 20
03/03/2018 03:13:11, 1, 32.34623, 20
03/03/2018 04:13:15, 1, 32.37124, 20
03/03/2018 05:13:22, 1, 32.42957, 20
03/03/2018 06:13:28, 1, 32.43513, 20
03/03/2018 07:13:32, 1, 32.44068, 20
03/03/2018 08:13:36, 1, 32.49625, 20
03/03/2018 09:13:45, 1, 32.54903, 20
03/03/2018 10:13:52, 1, 32.66015, 20
03/03/2018 11:13:57, 1, 32.66848, 20
03/03/2018 12:14:02, 1, 32.67404, 20
03/03/2018 13:14:08, 1, 32.78238, 20
03/03/2018 14:14:11, 1, 32.73238, 20
03/03/2018 15:14:17, 1, 32.84628, 20
03/03/2018 16:14:23, 1, 32.80183, 20
03/03/2018 17:14:27, 1, 32.88239, 20
03/03/2018 18:14:32, 1, 32.94906, 20
03/03/2018 19:14:38, 1, 33.10185, 20
03/03/2018 20:14:42, 1, 33.11296, 20
03/03/2018 21:14:46, 1, 33.19907, 20
03/03/2018 22:14:50, 1, 33.26298, 20
03/03/2018 23:14:55, 1, 33.33798, 20
03/04/2018 00:15:01, 1, 33.40465, 20
03/04/2018 01:15:08, 1, 33.46577, 20
03/04/2018 02:15:12, 1, 33.56578, 20
03/04/2018 03:15:18, 1, 33.59077, 20
03/04/2018 04:15:24, 1, 33.73246, 20
03/04/2018 05:15:29, 1, 33.7269, 20
03/04/2018 06:15:33, 1, 33.77135, 20
03/04/2018 07:15:40, 1, 33.83802, 20
03/04/2018 08:15:44, 1, 34.02692, 20
03/04/2018 09:15:48, 1, 34.05192, 20
03/04/2018 10:15:55, 1, 34.06859, 20
03/04/2018 11:16:00, 1, 4.27139, 20
03/04/2018 12:16:04, 1, 34.27694, 20
03/04/2018 13:16:10, 1, 34.37695, 20
03/04/2018 14:16:15, 1, 34.46029, 20
03/04/2018 15:16:19, 1, 34.62697, 20
03/04/2018 16:16:23, 1, 34.65753, 20
03/04/2018 17:16:31, 1, 34.72698, 20
03/04/2018 18:16:38, 1, 34.84921, 20
03/04/2018 19:16:43, 1, 34.79642, 20
03/04/2018 20:16:49, 1, 34.98533, 20
03/04/2018 21:16:54, 1, 35.05479, 20
03/04/2018 22:17:00, 1, 35.16868, 20
03/04/2018 23:17:06, 1, 35.26035, 20
03/05/2018 00:17:11, 1, 35.28814, 20
03/05/2018 01:17:17, 1, 35.37147, 20
03/05/2018 02:17:24, 1, 35.56038, 20
03/05/2018 03:17:30, 1, 35.56594, 20
03/05/2018 04:17:35, 1, 35.65205, 20
03/05/2018 05:17:41, 1, 35.76318, 20
03/05/2018 06:17:46, 1, 35.82985, 20
03/05/2018 07:17:53, 1, 35.90763, 20
03/05/2018 08:17:57, 1, 36.06597, 20
03/05/2018 09:18:02, 1, 36.14376, 20
03/05/2018 10:18:09, 1, 36.24932, 20
03/05/2018 11:18:12, 1, 36.36877, 20
03/05/2018 12:18:17, 1, 36.366, 20
03/05/2018 13:18:23, 1, 36.42434, 20
03/05/2018 14:18:29, 1, 36.43545, 20
03/05/2018 15:18:36, 1, 36.491, 20
03/05/2018 16:18:41, 1, 36.5299, 20
03/05/2018 17:18:49, 1, 36.57713, 20
03/05/2018 18:18:52, 1, 36.57157, 20
03/05/2018 19:18:53, 1, 36.57435, 20
03/05/2018 20:18:59, 1, 36.62157, 20
03/05/2018 21:19:06, 1, 36.66047, 20
03/05/2018 22:19:14, 1, 36.65213, 20
03/05/2018 23:19:21, 1, 36.66602, 20
03/06/2018 00:19:30, 1, 36.71047, 20
03/06/2018 01:19:29, 1, 36.76603, 20
03/06/2018 02:19:39, 1, 36.78826, 20
03/06/2018 03:19:47, 1, 36.77714, 20
03/06/2018 04:19:57, 1, 36.78825, 20
03/06/2018 05:20:06, 1, 36.8327, 20
03/06/2018 06:20:15, 1, 36.83826, 20
03/06/2018 07:20:24, 1, 36.88271, 20
03/06/2018 08:20:28, 1, 36.88271, 85.45454
03/06/2018 09:20:33, 1, 36.89382, 100
03/06/2018 10:20:36, 1, 36.9966, 100
03/06/2018 11:20:45, 1, 37.07439, 100
03/06/2018 12:20:50, 1, 37.00216, 100
03/06/2018 13:20:55, 1, 37.1105, 100
03/06/2018 14:21:04, 1, 37.03828, 100
03/06/2018 15:21:07, 1, 37.15218, 100
03/06/2018 16:21:13, 1, 37.20218, 93.33334
03/06/2018 17:21:20, 1, 37.27163, 20
03/06/2018 18:21:26, 1, 37.24662, 20
03/06/2018 19:21:36, 1, 37.21885, 20
03/06/2018 20:21:39, 1, 37.26607, 20
03/06/2018 21:21:41, 1, 37.27441, 20
03/06/2018 22:21:42, 1, 37.32996, 20
03/06/2018 23:21:44, 1, 37.30774, 20
03/07/2018 00:21:45, 1, 37.34385, 20
03/07/2018 01:21:49, 1, 37.40497, 20
03/07/2018 02:21:53, 1, 37.39941, 20
03/07/2018 03:21:57, 1, 37.42719, 20
03/07/2018 04:22:01, 1, 37.42441, 20
03/07/2018 05:22:05, 1, 37.46609, 20
03/07/2018 06:22:10, 1, 37.48275, 20
03/07/2018 07:22:14, 1, 37.52164, 20
03/07/2018 08:22:19, 1, 7.56054, 20
03/07/2018 09:22:23, 1, 37.56332, 20
03/07/2018 10:22:27, 1, 37.64943, 20
03/07/2018 11:22:32, 1, 37.63832, 20
03/07/2018 12:22:38, 1, 37.72166, 20
03/07/2018 13:22:43, 1, 37.76889, 20
03/07/2018 14:22:46, 1, 37.76611, 20
03/07/2018 15:22:52, 1, 37.79945, 20
03/07/2018 16:22:59, 1, 37.79111, 20
03/07/2018 17:23:02, 1, 37.84389, 20
03/07/2018 18:23:08, 1, 37.78556, 20
03/07/2018 19:23:11, 1, 37.81056, 20
03/07/2018 20:23:19, 1, 37.85778, 20
03/07/2018 21:23:25, 1, 37.86334, 20
03/07/2018 22:23:28, 1, 37.96335, 20
03/07/2018 23:23:33, 1, 37.93002, 20
03/08/2018 00:23:41, 1, 37.90501, 20
03/08/2018 01:23:45, 1, 37.9439, 20
03/08/2018 02:23:51, 1, 38.01891, 20
03/08/2018 03:23:56, 1, 37.96335, 20
03/08/2018 04:24:00, 1, 37.96613, 20
03/08/2018 05:24:04, 1, 38.01891, 20
03/08/2018 06:24:09, 1, 38.10781, 20
03/08/2018 07:24:13, 1, 38.16892, 20
03/08/2018 08:24:21, 1, 38.15781, 20
03/08/2018 09:24:24, 1, 38.16336, 20
03/08/2018 10:24:32, 1, 38.19948, 20
03/08/2018 11:24:38, 1, 38.21615, 20
03/08/2018 12:24:40, 1, 38.28281, 20
03/08/2018 13:24:43, 1, 38.22726, 20
03/08/2018 14:24:47, 1, 38.2606, 20
03/08/2018 15:24:51, 1, 38.30505, 20
03/08/2018 16:24:58, 1, 38.30227, 20
03/08/2018 17:25:02, 1, 38.29393, 20
03/08/2018 18:25:10, 1, 38.35505, 20
03/08/2018 19:25:17, 1, 38.34671, 20
03/08/2018 20:25:24, 1, 38.4884, 20
03/08/2018 21:25:27, 1, 38.4884, 20
03/08/2018 22:25:32, 1, 38.49395, 20
03/08/2018 23:25:35, 1, 38.50228, 20
03/09/2018 00:25:44, 1, 38.50784, 20
03/09/2018 01:25:48, 1, 38.56339, 20
03/09/2018 02:25:55, 1, 38.5495, 20
03/09/2018 03:26:00, 1, 38.61062, 20
03/09/2018 04:26:03, 1, 38.60785, 20
03/09/2018 05:26:12, 1, 38.55506, 20
03/09/2018 06:26:20, 1, 38.56339, 20
03/09/2018 07:26:26, 1, 38.55228, 20
03/09/2018 08:26:33, 1, 38.68563, 20
03/09/2018 09:26:40, 1, 38.69119, 20
03/09/2018 10:26:45, 1, 38.7023, 20
03/09/2018 11:26:49, 1, 38.68008, 20
03/09/2018 12:26:53, 1, 38.79953, 20
03/09/2018 13:26:59, 1, 38.82453, 20
03/09/2018 14:27:04, 1, 38.83564, 20
03/09/2018 15:27:11, 1, 38.84953, 20
03/09/2018 16:27:19, 1, 38.84676, 20
03/09/2018 17:27:22, 1, 38.87453, 20
03/09/2018 18:27:31, 1, 38.86343, 20
03/09/2018 19:27:37, 1, 38.86065, 20
03/09/2018 20:27:43, 1, 38.87453, 20
03/09/2018 21:27:50, 1, 38.88009, 20
03/09/2018 22:27:58, 1, 38.88842, 20
03/09/2018 23:27:59, 1, 38.93009, 20
03/10/2018 00:28:06, 1, 38.93565, 20
03/10/2018 01:28:12, 1, 38.9551, 20
03/10/2018 02:28:17, 1, 38.95232, 20
03/10/2018 03:28:25, 1, 39.00232, 20
03/10/2018 04:28:32, 1, 38.99676, 20
03/10/2018 05:28:40, 1, 39.01343, 20
03/10/2018 06:28:46, 1, 39.03844, 20
03/10/2018 07:28:52, 1, 39.03566, 20
03/10/2018 08:28:58, 1, 39.09122, 20
03/10/2018 09:29:04, 1, 39.09678, 20
03/10/2018 10:29:11, 1, 39.14122, 20
03/10/2018 11:29:18, 1, 39.17456, 20
03/10/2018 12:29:25, 1, 39.17734, 20
03/10/2018 13:29:31, 1, 39.23845, 20
03/10/2018 14:29:36, 1, 39.30234, 20
03/10/2018 15:29:42, 1, 39.29679, 20
03/10/2018 16:29:50, 1, 39.32179, 20
03/10/2018 17:29:58, 1, 39.23567, 20
03/10/2018 18:30:05, 1, 39.32735, 20
03/10/2018 19:30:14, 1, 39.33013, 20
03/10/2018 20:30:17, 1, 39.31902, 20
03/10/2018 21:30:25, 1, 39.32457, 20
03/10/2018 22:30:32, 1, 39.33846, 20
03/10/2018 23:30:38, 1, 39.34402, 20
03/11/2018 00:30:44, 1, 39.4329, 20
03/11/2018 01:30:50, 1, 39.45235, 20
03/11/2018 03:30:54, 1, 39.46069, 20
03/11/2018 04:31:01, 1, 39.45514, 20
03/11/2018 05:31:08, 1, 39.46902, 20
03/11/2018 06:31:15, 1, 39.47736, 20
03/11/2018 07:31:21, 1, 39.48291, 20
03/11/2018 08:31:29, 1, 39.53292, 20
03/11/2018 09:31:34, 1, 39.53848, 20
03/11/2018 10:31:44, 1, 39.5107, 20
03/11/2018 11:31:51, 1, 39.59126, 20
03/11/2018 12:31:56, 1, 39.63293, 20
03/11/2018 13:32:01, 1, 39.68848, 20
03/11/2018 14:32:05, 1, 39.6996, 20
03/11/2018 15:32:09, 1, 39.67737, 20
03/11/2018 16:32:16, 1, 39.72182, 20
03/11/2018 17:32:23, 1, 39.80239, 20
03/11/2018 18:32:29, 1, 39.7496, 20
03/11/2018 19:32:36, 1, 39.74127, 20
03/11/2018 20:32:40, 1, 39.76072, 20
03/11/2018 21:32:46, 1, 39.74961, 20
03/11/2018 22:32:52, 1, 39.71349, 20
03/11/2018 23:32:57, 1, 39.81072, 20
03/12/2018 00:33:06, 1, 39.85794, 20
03/12/2018 01:33:14, 1, 39.76072, 20
03/12/2018 02:33:22, 1, 39.88294, 20
03/12/2018 03:33:27, 1, 39.88572, 20
03/12/2018 04:33:31, 1, 39.85794, 20
03/12/2018 05:33:35, 1, 39.84128, 20
03/12/2018 06:33:41, 1, 39.8385, 20
03/12/2018 07:33:45, 1, 39.91072, 20
03/12/2018 08:33:50, 1, 39.94406, 53.33333
03/12/2018 09:33:59, 1, 39.94962, 100
03/12/2018 10:34:08, 1, 39.96629, 100
03/12/2018 11:34:11, 1, 40.07463, 100
03/12/2018 12:34:14, 1, 40.06352, 100
03/12/2018 13:34:17, 1, 40.12741, 100
03/12/2018 14:34:22, 1, 12.3113, 100
03/12/2018 15:34:25, 1, 12.31685, 100
03/12/2018 16:34:24, 1, 16.24217, 100
03/12/2018 17:34:30, 1, 11.45567, 26.66667
03/12/2018 18:34:40, 1, 6.152471, 20
03/12/2018 19:34:46, 1, 3.84673, 20
03/12/2018 20:34:53, 1, 3.182788, 20
03/12/2018 21:35:00, 1, 2.718861, 20
03/12/2018 22:35:08, 1, 2.324386, 20
03/12/2018 23:35:13, 1, 1.946579, 20
03/13/2018 00:35:20, 1, 1.252077, 20
03/13/2018 01:35:26, 1, 0.5964699, 20
03/13/2018 02:35:34, 1, , 0.5492428, 20
03/13/2018 03:35:41, 1, , 0.03809204, 20
03/13/2018 05:54:08, 1, 7, -0.2285965, 0
03/13/2018 06:57:39, 1, 7, -0.2758225, 10
03/13/2018 07:57:48, 1, , 0.1214317, 40
03/13/2018 08:57:52, 1, 1.543767, 100
03/13/2018 09:58:01, 1, 3.177231, 100
03/13/2018 10:58:06, 1, 11.75014, 100
03/13/2018 11:58:10, 1, 13.78086, 100
03/13/2018 12:58:17, 1, 11.51123, 100
03/13/2018 13:58:22, 1, 12.59743, 100
03/13/2018 14:58:29, 1, 14.80038, 100
03/13/2018 15:58:29, 1, 34.51862, 26.66667
03/13/2018 16:58:37, 1, 35.28536, 20
03/13/2018 17:58:44, 1, 35.66039, 20
03/13/2018 18:58:49, 1, 35.97153, 20
03/13/2018 19:58:56, 1, 36.24932, 20
03/13/2018 20:59:03, 1, 36.46601, 20
03/13/2018 21:59:10, 1, 36.57435, 20
03/13/2018 22:59:16, 1, 36.79103, 20
03/13/2018 23:59:26, 1, 36.86326, 20
03/14/2018 00:59:30, 1, 36.94382, 20
03/14/2018 01:59:37, 1, 37.00771, 20
03/14/2018 02:59:45, 1, 37.11606, 20
03/14/2018 03:59:50, 1, 37.12162, 20
03/14/2018 04:59:54, 1, 37.30497, 20
03/14/2018 05:59:57, 1, 37.24662, 20
03/14/2018 07:00:02, 1, 37.38274, 20
03/14/2018 08:00:07, 1, 37.37997, 20
03/14/2018 09:00:11, 1, 37.51053, 20
03/14/2018 10:00:17, 1, 37.56332, 46.66667
03/14/2018 11:00:27, 1, 37.58554, 60
03/14/2018 12:00:35, 1, 37.64943, 60
03/14/2018 13:00:42, 1, 37.67165, 60
03/14/2018 14:00:50, 1, 37.69666, 60
03/14/2018 15:00:58, 1, 37.83279, 60
03/14/2018 16:01:04, 1, 37.8939, 60
03/14/2018 17:01:07, 1, 37.90779, 60
03/14/2018 18:01:09, 1, 37.96057, 60
03/14/2018 19:01:11, 1, 38.0078, 60
03/14/2018 20:01:13, 1, 38.02724, 60
03/14/2018 21:01:16, 1, 38.05503, 60
03/14/2018 22:01:26, 1, 38.04113, 60
03/14/2018 23:01:30, 1, 38.14669, 60
03/15/2018 00:01:29, 1, 38.17448, 60
03/15/2018 01:01:30, 1, 38.21893, 60
03/15/2018 02:01:32, 1, 38.20504, 60
03/15/2018 03:01:33, 1, 38.26893, 60
03/15/2018 04:01:34, 1, 38.30782, 60
03/15/2018 05:01:36, 1, 38.32449, 60
03/15/2018 06:01:39, 1, 38.40228, 60
03/15/2018 07:01:39, 1, 38.43839, 60
03/15/2018 08:01:41, 1, 38.4884, 60
03/15/2018 09:01:42, 1, 38.59951, 60
03/15/2018 10:01:49, 1, 38.74674, 60
03/15/2018 11:01:49, 1, 38.92454, 60
03/15/2018 12:01:56, 1, 38.94676, 60
03/15/2018 13:02:03, 1, 39.02732, 60
03/15/2018 14:02:07, 1, 39.02176, 60
03/15/2018 15:02:13, 1, 39.15511, 60
03/15/2018 16:02:18, 1, 39.22178, 60
03/15/2018 17:02:24, 1, 39.269, 60
03/15/2018 18:02:31, 1, 39.28846, 60
03/15/2018 19:02:37, 1, 39.31624, 60
03/15/2018 20:02:41, 1, 39.31902, 60
03/15/2018 21:02:46, 1, 39.37735, 60
03/15/2018 22:02:52, 1, 39.46069, 60
03/15/2018 23:02:56, 1, 39.5607, 60
03/16/2018 00:03:05, 1, 39.61349, 60
03/16/2018 01:03:07, 1, 39.79405, 60
03/16/2018 02:03:12, 1, 39.90517, 60
03/16/2018 03:03:14, 1, 40.10519, 60
03/16/2018 04:03:16, 1, 40.20797, 60
03/16/2018 05:03:20, 1, 40.41632, 60
03/16/2018 06:03:24, 1, 40.583, 60
03/16/2018 07:03:31, 1, 40.71079, 60
03/16/2018 08:03:34, 1, 40.93025, 60
03/16/2018 09:03:35, 1, 41.09415, 60
03/16/2018 10:03:40, 1, 41.31639, 60
03/16/2018 11:03:42, 1, 41.44973, 60
03/16/2018 12:03:45, 1, 41.71365, 60
03/16/2018 13:03:45, 1, 41.86089, 60
03/16/2018 14:03:53, 1, 41.98034, 60
03/16/2018 15:03:59, 1, 42.22202, 60
03/16/2018 16:04:09, 1, 42.46093, 60
03/16/2018 17:04:16, 1, 42.58594, 60
03/16/2018 18:04:18, 1, 42.81095, 60
03/16/2018 19:04:21, 1, 42.91653, 60
03/16/2018 20:04:20, 1, 43.17487, 60
03/16/2018 21:04:22, 1, 43.30822, 60
03/16/2018 22:04:26, 1, 43.56657, 60
03/16/2018 23:04:30, 1, 43.74992, 60
03/17/2018 00:04:33, 1, 43.92215, 60
03/17/2018 01:04:33, 1, 44.10828, 60
03/17/2018 02:04:37, 1, 44.33331, 60
03/17/2018 03:04:42, 1, 44.51665, 60
03/17/2018 04:04:45, 1, 44.69723, 60
03/17/2018 05:04:53, 1, 44.95002, 60
03/17/2018 06:04:58, 1, 45.12226, 60
03/17/2018 07:05:01, 1, 45.34449, 60
03/17/2018 08:05:05, 1, 45.52506, 60
03/17/2018 09:05:08, 1, 45.65564, 60
03/17/2018 10:05:12, 1, 45.91121, 60
03/17/2018 11:05:16, 1, 46.12511, 60
03/17/2018 12:05:20, 1, 46.2779, 60
03/17/2018 13:05:22, 1, 46.54182, 60
03/17/2018 14:05:22, 1, 46.65015, 60
03/17/2018 15:05:25, 1, 46.81683, 60
03/17/2018 16:05:28, 1, 47.06686, 60
03/17/2018 17:05:34, 1, 47.22798, 60
03/17/2018 18:05:39, 1, 47.36688, 60
03/17/2018 19:05:40, 1, 47.52245, 60
03/17/2018 20:05:46, 1, 47.63357, 60
03/17/2018 21:05:52, 1, 47.78358, 60
03/17/2018 22:05:58, 1, 48.05304, 60
03/17/2018 23:06:04, 1, 48.1975, 60
03/18/2018 00:06:09, 1, 48.3364, 60
03/18/2018 01:06:11, 1, 48.49475, 60
03/18/2018 02:06:15, 1, 48.66143, 60
03/18/2018 03:06:18, 1, 48.85311, 60
03/18/2018 04:06:25, 1, 49.02813, 60
03/18/2018 05:06:29, 1, 49.15035, 60
03/18/2018 06:06:33, 1, 49.35315, 60
03/18/2018 07:06:37, 1, 49.56427, 60
03/18/2018 08:06:42, 1, 49.68373, 60
03/18/2018 09:06:46, 1, 49.95597, 60
03/18/2018 10:06:53, 1, 50.13932, 60
03/18/2018 11:06:56, 1, 50.25599, 60
03/18/2018 12:07:00, 1, 50.58381, 60
03/18/2018 13:07:09, 1, 50.75604, 60
03/18/2018 14:07:18, 1, 50.95883, 60
03/18/2018 15:07:27, 1, 51.12273, 60
03/18/2018 16:07:33, 1, 51.23107, 60
03/18/2018 17:07:34, 1, 51.5061, 60
03/18/2018 18:07:43, 1, 51.59777, 60
03/18/2018 19:07:44, 1, 51.82835, 60
03/18/2018 20:07:54, 1, 52.02558, 60
03/18/2018 21:08:02, 1, 52.15615, 60
03/18/2018 22:08:10, 1, 52.31172, 60
03/18/2018 23:08:10, 1, 52.57285, 60
03/19/2018 00:08:18, 1, 52.72564, 60
03/19/2018 01:08:17, 1, 52.90621, 60
03/19/2018 02:08:25, 1, 53.159, 60
03/19/2018 03:08:33, 1, 53.38958, 60
03/19/2018 04:08:41, 1, 53.58127, 60
03/19/2018 05:08:48, 1, 53.76739, 60
03/19/2018 06:08:55, 1, 53.95074, 60
03/19/2018 07:09:04, 1, 54.13686, 60
03/19/2018 08:09:12, 1, 54.398, 60
03/19/2018 09:09:20, 1, 54.5369, 60
03/19/2018 10:09:26, 1, 54.81192, 60
03/19/2018 11:09:34, 1, 54.98138, 60
03/19/2018 12:09:35, 1, 55.22584, 60
03/19/2018 13:09:39, 1, 55.37585, 60
03/19/2018 14:09:49, 1, 55.64532, 60
03/19/2018 15:09:48, 1, 55.81199, 60
03/19/2018 16:09:55, 1, 56.06202, 93.33334
03/19/2018 17:10:03, 1, 56.24815, 100
03/19/2018 18:10:09, 1, 56.40927, 100
03/19/2018 19:10:16, 1, 56.58428, 100
03/19/2018 20:10:20, 1, 56.78708, 100
03/19/2018 21:10:22, 1, 57.10377, 100
03/19/2018 22:10:27, 1, 57.29545, 100
03/19/2018 23:10:32, 1, 57.48159, 100
03/20/2018 00:10:37, 1, 57.76216, 100
03/20/2018 01:10:45, 1, 57.99828, 100
03/20/2018 02:10:50, 1, 8.30943, 100
03/20/2018 03:10:49, 1, 58.50944, 100
03/20/2018 04:10:51, 1, 58.81501, 100
03/20/2018 05:10:57, 1, 59.04837, 100
03/20/2018 06:11:05, 1, 59.32617, 100
03/20/2018 07:11:12, 1, 59.54285, 100
03/20/2018 08:11:21, 1, 59.76509, 100
03/20/2018 09:11:24, 1, 60.02067, 100
03/20/2018 10:11:32, 1, 60.32902, 100
03/20/2018 11:11:40, 1, 60.55682, 100
03/20/2018 12:11:41, 1, 60.89852, 100
03/20/2018 13:11:50, 1, 61.20688, 100
03/20/2018 14:11:51, 1, 61.41523, 100
03/20/2018 15:12:00, 1, 61.6208, 100
03/20/2018 16:12:08, 1, 61.92082, 100
03/20/2018 17:12:14, 1, 62.11805, 100
03/20/2018 18:12:14, 1, 62.33196, 100
03/20/2018 19:12:21, 1, 62.41253, 100
03/20/2018 20:12:24, 1, 62.69311, 100
03/20/2018 21:12:23, 1, 62.82089, 100
03/20/2018 22:12:24, 1, 63.02369, 100
03/20/2018 23:12:32, 1, 63.14037, 100
03/21/2018 00:12:39, 1, 63.4015, 100
03/21/2018 01:12:47, 1, 63.52929, 100
03/21/2018 02:12:53, 1, 63.70985, 100
03/21/2018 03:13:00, 1, 63.96542, 100
03/21/2018 04:13:06, 1, 64.07377, 100
03/21/2018 05:13:10, 1, 64.33212, 100
03/21/2018 06:13:14, 1, 64.47935, 100
03/21/2018 07:13:17, 1, 64.62103, 100
03/21/2018 08:13:19, 1, 64.7655, 100
03/21/2018 09:13:24, 1, 65.03495, 100
03/21/2018 10:13:31, 1, 65.17108, 100
03/21/2018 11:13:35, 1, 65.36276, 100
03/21/2018 12:13:41, 1, 65.49888, 100
03/21/2018 13:13:47, 1, 65.69057, 100
03/21/2018 14:13:56, 1, 65.96836, 100
03/21/2018 15:13:59, 1, 66.07394, 100
03/21/2018 16:14:07, 1, 66.23228, 100
03/21/2018 17:14:16, 1, 66.3545, 100
03/21/2018 18:14:23, 1, 66.36283, 100
03/21/2018 19:14:29, 1, 66.47118, 100
03/21/2018 20:14:35, 1, 66.58508, 100
03/21/2018 21:14:36, 1, 66.66009, 100
03/21/2018 22:14:39, 1, 66.82122, 100
03/21/2018 23:14:45, 1, 66.91566, 100
03/22/2018 00:14:50, 1, 67.01568, 100
03/22/2018 01:14:50, 1, 67.07956, 100
03/22/2018 02:14:59, 1, 67.14346, 100
03/22/2018 03:15:04, 1, 67.2157, 100
03/22/2018 04:15:08, 1, 67.32404, 100
03/22/2018 05:15:13, 1, 67.45182, 100
03/22/2018 06:15:21, 1, 67.58794, 100
03/22/2018 07:15:29, 1, 67.64905, 100
03/22/2018 08:15:34, 1, 67.7324, 100
03/22/2018 09:15:36, 1, 67.7824, 100
03/22/2018 10:15:38, 1, 67.94075, 100
03/22/2018 11:15:45, 1, 68.04632, 100
03/22/2018 12:15:51, 1, 68.07965, 100
03/22/2018 13:15:59, 1, 68.12132, 100
03/22/2018 14:16:07, 1, 68.21021, 100
03/22/2018 15:16:08, 1, 68.28522, 100
03/22/2018 16:16:12, 1, 68.31578, 100
03/22/2018 17:16:17, 1, 68.39356, 100
03/22/2018 18:16:27, 1, 68.44635, 100
03/22/2018 19:16:36, 1, 68.6158, 100
03/22/2018 20:16:39, 1, 68.64358, 100
03/22/2018 21:16:45, 1, 68.73525, 100
03/22/2018 22:16:50, 1, 68.68247, 100
03/22/2018 23:16:51, 1, 68.76025, 100
03/23/2018 00:16:56, 1, 68.89082, 100
03/23/2018 01:17:00, 1, 68.94361, 100
03/23/2018 02:17:06, 1, 69.02139, 100
03/23/2018 03:17:13, 1, 69.07417, 100
03/23/2018 04:17:22, 1, 69.13807, 100
03/23/2018 05:17:23, 1, 69.16585, 100
03/23/2018 06:17:25, 1, 69.18807, 100
03/23/2018 07:17:30, 1, 69.1992, 100
03/23/2018 08:17:39, 1, 69.3103, 100
03/23/2018 09:17:45, 1, 69.45476, 100
03/23/2018 10:17:50, 1, 69.47698, 100
03/23/2018 11:17:54, 1, 69.4492, 100
03/23/2018 12:17:59, 1, 69.54087, 100
03/23/2018 13:18:08, 1, 69.39919, 100
03/23/2018 14:18:16, 1, 69.39642, 100
03/23/2018 15:18:20, 1, 69.3603, 100
03/23/2018 16:18:26, 1, 69.36864, 100
03/23/2018 17:18:31, 1, 69.36586, 100
03/23/2018 18:18:36, 1, 69.37975, 100
03/23/2018 19:18:42, 1, 69.44365, 100
03/23/2018 20:18:44, 1, 69.45477, 100
03/23/2018 21:18:53, 1, 69.4631, 100
03/23/2018 22:19:01, 1, 69.51309, 100
03/23/2018 23:19:01, 1, 69.55754, 100
03/24/2018 00:19:09, 1, 69.56032, 100
03/24/2018 01:19:13, 1, 69.51865, 100
03/24/2018 02:19:13, 1, 69.59365, 100
03/24/2018 03:19:15, 1, 69.64366, 100
03/24/2018 04:19:15, 1, 69.6381, 100
03/24/2018 05:19:21, 1, 69.67422, 100
03/24/2018 06:19:26, 1, 69.71589, 100
03/24/2018 07:19:35, 1, 69.71867, 100
03/24/2018 08:19:40, 1, 69.77979, 100
03/24/2018 09:19:49, 1, 69.76589, 100
03/24/2018 10:19:55, 1, 69.78255, 100
03/24/2018 11:20:00, 1, 69.89645, 100
03/24/2018 12:20:09, 1, 69.90757, 100
03/24/2018 13:20:14, 1, 69.90202, 100
03/24/2018 14:20:20, 1, 70.03536, 100
03/24/2018 15:20:24, 1, 70.09092, 100
03/24/2018 16:20:24, 1, 70.07981, 100
03/24/2018 17:20:32, 1, 70.03258, 100
03/24/2018 18:20:40, 1, 70.00478, 100
03/24/2018 19:20:47, 1, 70.04369, 100
03/24/2018 20:20:51, 1, 70.07981, 100
03/24/2018 21:20:55, 1, 70.14093, 100
03/24/2018 22:21:04, 1, 70.15204, 100
03/24/2018 23:21:07, 1, 70.16315, 100
03/25/2018 00:21:13, 1, 70.17426, 100
03/25/2018 01:21:17, 1, 70.19926, 100
03/25/2018 02:21:24, 1, 70.22149, 100
03/25/2018 03:21:31, 1, 70.23538, 100
03/25/2018 04:21:33, 1, 70.27705, 100
03/25/2018 05:21:41, 1, 70.30759, 100
03/25/2018 06:21:45, 1, 70.30482, 100
03/25/2018 07:21:50, 1, 70.31038, 100
03/25/2018 08:22:00, 1, 70.29371, 100
03/25/2018 09:22:04, 1, 70.33816, 100
03/25/2018 10:22:08, 1, 70.43817, 100
03/25/2018 11:22:10, 1, 70.4715, 100
03/25/2018 12:22:16, 1, 70.49095, 100
03/25/2018 13:22:25, 1, 70.47428, 100
03/25/2018 14:22:32, 1, 70.49094, 100
03/25/2018 15:22:39, 1, 70.50206, 100
03/25/2018 16:22:47, 1, 70.52151, 100
03/25/2018 17:22:54, 1, 70.54651, 100
03/25/2018 18:23:02, 1, 70.64651, 100
03/25/2018 19:23:07, 1, 70.59096, 100
03/25/2018 20:23:17, 1, 70.61041, 100
03/25/2018 21:23:20, 1, 70.65485, 100
03/25/2018 22:23:23, 1, 70.66041, 100
03/25/2018 23:23:31, 1, 70.66041, 100
03/26/2018 00:23:37, 1, 70.73264, 100
03/26/2018 01:23:43, 1, 70.72707, 100
03/26/2018 02:23:44, 1, 70.7382, 100
03/26/2018 03:23:48, 1, 70.73818, 100
03/26/2018 04:23:51, 1, 70.75486, 100
03/26/2018 05:24:00, 1, 70.75486, 100
03/26/2018 06:24:06, 1, 70.77709, 100
03/26/2018 07:24:16, 1, 70.75208, 100
03/26/2018 08:24:17, 1, 70.79932, 100
03/26/2018 09:24:22, 1, 70.88541, 100
03/26/2018 10:24:23, 1, 70.88541, 100
03/26/2018 11:24:27, 1, 70.94376, 100
03/26/2018 12:24:36, 1, 70.94099, 100
03/26/2018 13:24:43, 1, 70.94654, 100
03/26/2018 14:24:49, 1, 70.99099, 100
03/26/2018 15:24:54, 1, 70.98822, 100
03/26/2018 16:25:00, 1, 71.0521, 100
03/26/2018 17:25:06, 1, 71.04099, 100
03/26/2018 18:25:08, 1, 71.0521, 100
03/26/2018 19:25:17, 1, 71.06599, 100
03/26/2018 20:25:21, 1, 71.09654, 100
03/26/2018 21:25:26, 1, 71.12433, 100
03/26/2018 22:25:27, 1, 71.12156, 100
03/26/2018 23:25:32, 1, 71.12432, 100
03/27/2018 00:25:38, 1, 71.14656, 100
03/27/2018 01:25:46, 1, 71.18268, 100
03/27/2018 02:25:49, 1, 71.17712, 100
03/27/2018 03:25:51, 1, 71.18268, 100
03/27/2018 04:25:50, 1, 71.18823, 100
03/27/2018 05:25:59, 1, 71.22434, 100
03/27/2018 06:26:03, 1, 71.20768, 100
03/27/2018 07:26:04, 1, 71.216, 100
03/27/2018 08:26:10, 1, 71.23267, 100
03/27/2018 09:26:16, 1, 71.29379, 100
03/27/2018 10:26:22, 1, 71.43824, 100
03/27/2018 11:27:17, 1, 71.46324, 100
03/27/2018 12:27:55, 1, 71.45491, 100
03/27/2018 13:27:57, 1, 71.43546, 100
03/27/2018 14:28:11, 1, 71.43269, 100
03/27/2018 15:28:16, 1, 71.42991, 100
03/27/2018 16:28:20, 1, 71.39658, 100
03/27/2018 17:28:28, 1, 71.32436, 100
03/27/2018 18:28:28, 1, 71.22157, 100
03/27/2018 19:28:29, 1, 71.01321, 100
03/27/2018 20:28:33, 1, 70.91876, 100
03/27/2018 21:28:34, 1, 70.7104, 100
03/27/2018 22:28:45, 1, 70.57706, 100
03/27/2018 23:28:53, 1, 70.46317, 100
03/28/2018 00:28:56, 1, 70.34093, 100
03/28/2018 01:29:00, 1, 70.12148, 100
03/28/2018 02:29:07, 1, 70.04369, 100
03/28/2018 03:29:07, 1, 69.93812, 100
03/28/2018 04:29:07, 1, 69.77702, 100
03/28/2018 05:29:07, 1, 69.65755, 100
03/28/2018 06:29:08, 1, 9.57143, 100
03/28/2018 07:29:11, 1, 69.50198, 100
03/28/2018 08:29:20, 1, 9.45476, 100
03/28/2018 09:29:28, 1, 69.41309, 100
03/28/2018 10:29:33, 1, 69.34364, 100
03/28/2018 11:29:35, 1, 9.27697, 100
03/28/2018 12:29:46, 1, 69.24084, 100
03/28/2018 13:29:46, 1, 69.19363, 100
03/28/2018 14:29:56, 1, 69.18807, 100
03/28/2018 15:30:04, 1, 69.11306, 100
03/28/2018 16:30:05, 1, 69.14362, 100
03/28/2018 17:30:06, 1, 69.0825, 100
03/28/2018 18:30:14, 1, 69.03528, 100
03/28/2018 19:30:23, 1, 68.91027, 100
03/28/2018 20:30:24, 1, 68.94083, 100
03/28/2018 21:30:25, 1, 68.86304, 100
03/28/2018 22:30:34, 1, 68.8547, 100
03/28/2018 23:30:34, 1, 68.8547, 100
03/29/2018 00:30:34, 1, 68.79359, 100
03/29/2018 01:30:34, 1, 68.7547, 100
03/29/2018 02:30:34, 1, 68.7297, 100
03/29/2018 03:30:35, 1, 68.62413, 100
03/29/2018 04:30:35, 1, 68.61024, 100
03/29/2018 05:30:35, 1, 68.59635, 100
03/29/2018 06:30:35, 1, 68.55469, 100
03/29/2018 07:30:35, 1, 68.55746, 100
03/29/2018 08:30:45, 1, 68.53246, 100
03/29/2018 09:30:51, 1, 68.62968, 100
03/29/2018 10:30:51, 1, 68.58524, 100
03/29/2018 11:31:00, 1, 68.61024, 100
03/29/2018 12:31:01, 1, 68.57135, 100
03/29/2018 13:31:03, 1, 68.54357, 100
03/29/2018 14:31:11, 1, 68.56857, 100
03/29/2018 15:31:15, 1, 68.56024, 100
03/29/2018 16:31:15, 1, 68.53246, 100
03/29/2018 17:31:23, 1, 68.55746, 100
03/29/2018 18:31:32, 1, 68.5908, 100
03/29/2018 19:31:33, 1, 68.57136, 100
03/29/2018 20:31:37, 1, 68.5658, 100
03/29/2018 21:31:43, 1, 68.47968, 100
03/29/2018 22:31:45, 1, 68.48247, 100
03/29/2018 23:31:54, 1, 68.56302, 100
03/30/2018 00:31:54, 1, 68.56302, 100
03/30/2018 01:31:57, 1, 68.56302, 100
03/30/2018 02:32:06, 1, 68.49079, 100
03/30/2018 03:32:11, 1, 68.61579, 100
03/30/2018 04:32:18, 1, 68.62691, 100
03/30/2018 05:32:25, 1, 68.55746, 100
03/30/2018 06:32:33, 1, 68.61301, 100
03/30/2018 07:32:41, 1, 68.6158, 100
03/30/2018 08:32:42, 1, 68.65747, 100
03/30/2018 09:32:45, 1, 68.62135, 100
03/30/2018 10:32:46, 1, 68.61858, 100
03/30/2018 11:32:47, 1, 68.7047, 100
03/30/2018 12:32:51, 1, 68.74915, 100
03/30/2018 13:32:54, 1, 68.66302, 100
03/30/2018 14:33:06, 1, 68.80192, 100
03/30/2018 15:33:12, 1, 68.82137, 100
03/30/2018 16:33:20, 1, 68.86859, 100
03/30/2018 17:33:26, 1, 68.85193, 100
03/30/2018 18:33:30, 1, 68.83526, 100
03/30/2018 19:33:37, 1, 68.84916, 100
03/30/2018 20:33:43, 1, 68.86304, 100
03/30/2018 21:33:44, 1, 68.87694, 100
03/30/2018 22:33:44, 1, 68.88527, 100
03/30/2018 23:33:51, 1, 68.87971, 100
03/31/2018 00:33:59, 1, 68.94361, 100
03/31/2018 01:34:08, 1, 68.93249, 100
03/31/2018 02:34:16, 1, 68.91582, 100
03/31/2018 03:34:23, 1, 68.97694, 100
03/31/2018 04:34:33, 1, 68.97694, 100
03/31/2018 05:34:38, 1, 68.97972, 100
03/31/2018 06:34:43, 1, 68.98528, 100
03/31/2018 07:34:46, 1, 68.87416, 100
03/31/2018 08:34:49, 1, 68.97694, 100
03/31/2018 09:34:51, 1, 68.87415, 100
03/31/2018 10:34:52, 1, 68.96027, 100
03/31/2018 11:35:00, 1, 69.01029, 100
03/31/2018 12:35:06, 1, 69.08529, 100
03/31/2018 13:35:14, 1, 69.0825, 100
03/31/2018 14:35:23, 1, 69.08806, 100
03/31/2018 15:35:28, 1, 69.1464, 100
03/31/2018 16:35:34, 1, 69.11028, 100
03/31/2018 17:35:42, 1, 69.13251, 100
03/31/2018 18:35:49, 1, 69.1964, 100
03/31/2018 19:35:57, 1, 69.26586, 100
03/31/2018 20:36:04, 1, 69.30197, 100
03/31/2018 21:36:11, 1, 69.33253, 100
03/31/2018 22:36:19, 1, 69.39364, 100
03/31/2018 23:36:27, 1, 69.44365, 100
04/01/2018 00:36:33, 1, 69.47142, 100
04/01/2018 01:36:39, 1, 69.52699, 100
04/01/2018 02:36:46, 1, 69.51031, 100
04/01/2018 03:36:53, 1, 69.63533, 100
04/01/2018 04:37:01, 1, 69.62421, 100
04/01/2018 05:37:07, 1, 69.64367, 100
04/01/2018 06:37:16, 1, 69.69643, 100
04/01/2018 07:37:25, 1, 69.72977, 100
04/01/2018 08:37:31, 1, 69.77702, 100
04/01/2018 09:37:38, 1, 69.89646, 100
04/01/2018 10:37:45, 1, 69.94923, 100
04/01/2018 11:37:53, 1, 69.97424, 100
04/01/2018 12:37:58, 1, 70.10204, 100
04/01/2018 13:38:05, 1, 0.14092, 100
04/01/2018 14:38:09, 1, 70.13259, 100
04/01/2018 15:38:17, 1, 70.17981, 100
04/01/2018 16:38:24, 1, 70.2187, 100
04/01/2018 17:38:30, 1, 70.34094, 100
04/01/2018 18:38:36, 1, 70.36039, 100
04/01/2018 19:38:44, 1, 70.34372, 100
04/01/2018 20:38:44, 1, 70.35484, 100
04/01/2018 21:38:48, 1, 70.48539, 100
04/01/2018 22:38:52, 1, 70.52151, 100
04/01/2018 23:39:02, 1, 70.55206, 100
04/02/2018 00:39:05, 1, 70.5604, 100
04/02/2018 01:39:06, 1, 70.59097, 100
04/02/2018 02:39:11, 1, 70.62708, 100
04/02/2018 03:39:13, 1, 70.68262, 100
04/02/2018 04:39:17, 1, 70.69096, 100
04/02/2018 05:39:18, 1, 70.7243, 100
04/02/2018 06:39:19, 1, 70.7632, 100
04/02/2018 07:39:25, 1, 70.76041, 100
04/02/2018 08:39:28, 1, 70.81042, 100
04/02/2018 09:39:31, 1, 70.81042, 100
04/02/2018 10:39:34, 1, 70.89375, 100
04/02/2018 11:39:41, 1, 70.92709, 100
04/02/2018 12:39:48, 1, 70.94932, 100
04/02/2018 13:39:55, 1, 70.95488, 100
04/02/2018 14:40:01, 1, 70.97433, 100
04/02/2018 15:40:06, 1, 70.991, 100
04/02/2018 16:40:12, 1, 70.97988, 100
04/02/2018 17:40:17, 1, 71.02433, 100
04/02/2018 18:40:25, 1, 71.06043, 100
04/02/2018 19:40:30, 1, 71.10488, 100
04/02/2018 20:40:29, 1, 71.09932, 100
04/02/2018 21:40:35, 1, 71.12711, 100
04/02/2018 22:40:42, 1, 71.12433, 100
04/02/2018 23:40:51, 1, 71.17712, 100
04/03/2018 00:40:59, 1, 71.1799, 100
04/03/2018 01:41:06, 1, 71.21879, 100
04/03/2018 02:41:14, 1, 71.20767, 100
04/03/2018 03:41:22, 1, 71.21601, 100
04/03/2018 04:41:29, 1, 71.2549, 100
04/03/2018 05:41:34, 1, 71.25768, 100
04/03/2018 06:41:40, 1, 71.2549, 100
04/03/2018 07:41:47, 1, 71.2938, 100
04/03/2018 08:41:56, 1, 71.30212, 100
04/03/2018 09:42:04, 1, 71.32434, 100
04/03/2018 10:42:09, 1, 71.33269, 100
04/03/2018 11:42:14, 1, 71.45491, 100
04/03/2018 12:42:21, 1, 71.46047, 100
04/03/2018 13:42:26, 1, 71.42158, 100
04/03/2018 14:42:35, 1, 71.49104, 100
04/03/2018 15:42:42, 1, 71.47713, 100
04/03/2018 16:42:51, 1, 71.46047, 100
04/03/2018 17:42:59, 1, 71.52715, 100
04/03/2018 18:43:03, 1, 71.56604, 100
04/03/2018 19:43:12, 1, 71.56049, 100
04/03/2018 20:43:19, 1, 71.58826, 100
04/03/2018 21:43:19, 1, 71.51049, 100
04/03/2018 22:43:25, 1, 71.50215, 100
04/03/2018 23:43:32, 1, 71.63825, 100
04/04/2018 00:43:42, 1, 71.62437, 100
04/04/2018 01:43:49, 1, 71.61604, 100
04/04/2018 02:43:57, 1, 71.62714, 100
04/04/2018 03:44:03, 1, 71.6855, 100
04/04/2018 04:44:10, 1, 71.68272, 100
04/04/2018 05:44:14, 1, 71.67438, 100
04/04/2018 06:44:20, 1, 71.57159, 100
04/04/2018 07:44:24, 1, 71.57993, 100
04/04/2018 08:44:33, 1, 71.68827, 100
04/04/2018 09:44:35, 1, 71.69939, 100
04/04/2018 10:44:38, 1, 71.77994, 100
04/04/2018 11:44:46, 1, 71.77994, 100
04/04/2018 12:44:53, 1, 71.77438, 100
04/04/2018 13:44:59, 1, 71.78549, 100
04/04/2018 14:44:58, 1, 71.82161, 100
04/04/2018 15:45:05, 1, 71.81882, 100
04/04/2018 16:45:12, 1, 71.81327, 100
04/04/2018 17:45:20, 1, 71.86885, 100
04/04/2018 18:45:27, 1, 71.75217, 100
04/04/2018 19:45:36, 1, 71.88274, 100
04/04/2018 20:45:36, 1, 71.87719, 100
04/04/2018 21:45:43, 1, 71.88829, 100
04/04/2018 22:45:49, 1, 71.82439, 100
04/04/2018 23:45:57, 1, 71.83272, 100
04/05/2018 00:46:05, 1, 71.87441, 100
04/05/2018 01:46:12, 1, 71.8744, 100
04/05/2018 02:46:21, 1, 71.95496, 100
04/05/2018 03:46:27, 1, 71.94662, 100
04/05/2018 04:46:34, 1, 71.8744, 100
04/05/2018 05:46:44, 1, 71.90774, 100
04/05/2018 06:46:50, 1, 71.89663, 100
04/05/2018 07:46:56, 1, 72.00217, 100
04/05/2018 08:47:05, 1, 72.01328, 100
04/05/2018 09:47:10, 1, 71.9494, 100
04/05/2018 10:47:16, 1, 71.95496, 100
04/05/2018 11:47:20, 1, 71.96051, 100
04/05/2018 12:47:25, 1, 71.95218, 100
04/05/2018 13:47:29, 1, 72.04662, 100
04/05/2018 14:47:33, 1, 72.10497, 100
04/05/2018 15:47:37, 1, 72.10776, 100
04/05/2018 16:47:40, 1, 72.09386, 100
04/05/2018 17:47:46, 1, 72.09664, 100
04/05/2018 18:47:51, 1, 72.09386, 100
04/05/2018 19:47:55, 1, 72.14386, 100
04/05/2018 20:47:55, 1, 72.14108, 100
04/05/2018 21:48:01, 1, 72.14386, 100
04/05/2018 22:48:07, 1, 72.17442, 100
04/05/2018 23:48:09, 1, 72.16886, 100
04/06/2018 00:48:18, 1, 72.17164, 100
04/06/2018 01:48:23, 1, 72.16886, 100
04/06/2018 02:48:26, 1, 72.16608, 100
04/06/2018 03:48:31, 1, 72.17164, 100
04/06/2018 04:48:34, 1, 72.23552, 100
04/06/2018 05:48:40, 1, 72.22441, 100
04/06/2018 06:48:44, 1, 72.21886, 100
04/06/2018 07:48:49, 1, 72.22441, 100
04/06/2018 08:48:53, 1, 72.24108, 100
04/06/2018 09:48:59, 1, 72.23274, 100
04/06/2018 10:49:16, 1, 72.2133, 100
04/06/2018 11:49:22, 1, 72.2522, 100
04/06/2018 12:49:28, 1, 72.2522, 100
04/06/2018 13:49:36, 1, 72.32999, 100
04/06/2018 14:49:43, 1, 72.35221, 100
04/06/2018 15:49:51, 1, 72.35777, 100
04/06/2018 16:49:59, 1, 72.33276, 100
04/06/2018 17:50:05, 1, 72.37444, 100
04/06/2018 18:50:11, 1, 72.44667, 100
04/06/2018 19:50:12, 1, 72.39665, 100
04/06/2018 20:50:17, 1, 72.44667, 100
04/06/2018 21:50:25, 1, 72.34666, 100
04/06/2018 22:50:33, 1, 72.39388, 100
04/06/2018 23:50:37, 1, 72.40777, 100
04/07/2018 00:50:37, 1, 72.40777, 100
04/07/2018 01:50:42, 1, 72.39665, 100
04/07/2018 02:50:49, 1, 72.455, 100
04/07/2018 03:50:50, 1, 72.52722, 100
04/07/2018 04:50:58, 1, 72.48, 100
04/07/2018 05:51:07, 1, 72.52168, 100
04/07/2018 06:51:11, 1, 72.58556, 100
